basic_id,content,source_standard,identifier,requirement_item,section_level1,section_level2,section_level3,section_level4,section_level5,applicability_level
1,"1 范围
本标准规定了网络安全等级保护的第一级到第四级等级保护对象的安全通用要求和安全扩展要求。
本标准适用于指导分等级的非涉密对象的安全建设和监督管理。
注：第五级等级保护对象是非常重要的监督管理对象，对其有特殊的管理模式和安全要求，所以不在本标准中进行描述。",信息安全技术网络安全等级保护基本要求,GB/T 22239-2019,null,信息安全技术网络安全等级保护基本要求,1 范围,null,null,null,通用
2,"3.1 网络安全 cybersecurity
通过采取必要措施，防范对网络的攻击、侵入、干扰、破坏和非法使用以及意外事故，使网络处于稳定可靠运行的状态，以及保障网络数据的完整性、保密性、可用性的能力。",信息安全技术网络安全等级保护基本要求,GB/T 22239-2019,null,信息安全技术网络安全等级保护基本要求,3 术语和定义,3.1 网络安全,null,null,通用
3,"3.2 安全保护能力 security protection ability
能够抵御威胁、发现安全事件以及在遭到损害后能够恢复先前状态等的程度。",信息安全技术网络安全等级保护基本要求,GB/T 22239-2019,null,信息安全技术网络安全等级保护基本要求,3 术语和定义,3.2 安全保护能力,null,null,通用
4,"3.3 云计算 cloud computing
一种通过网络将可伸缩、弹性的共享物理和虚拟资源池以按需自服务的方式供应和管理的模式。",信息安全技术网络安全等级保护基本要求,GB/T 22239-2019,null,信息安全技术网络安全等级保护基本要求,3 术语和定义,3.3 云计算,null,null,通用
5,"3.4 移动互联网 mobile internet
采用移动无线通信技术，将各类移动终端与互联网进行互联的网络。",信息安全技术网络安全等级保护基本要求,GB/T 22239-2019,null,信息安全技术网络安全等级保护基本要求,3 术语和定义,3.4 移动互联网,null,null,通用
6,"3.5 物联网 internet of things (IoT)
将感知节点设备、传感网络、业务应用等通过互联网进行互联的网络。",信息安全技术网络安全等级保护基本要求,GB/T 22239-2019,null,信息安全技术网络安全等级保护基本要求,3 术语和定义,3.5 物联网,null,null,通用
7,"3.6 工业控制系统 industrial control system
用于工业生产控制的各种自动化控制系统的总称。",信息安全技术网络安全等级保护基本要求,GB/T 22239-2019,null,信息安全技术网络安全等级保护基本要求,3 术语和定义,3.6 工业控制系统,null,null,通用
8,"3.7 安全通用要求 general security requirements
不管等级保护对象形态如何必须满足的安全要求。",信息安全技术网络安全等级保护基本要求,GB/T 22239-2019,null,信息安全技术网络安全等级保护基本要求,3 术语和定义,3.7 安全通用要求,null,null,通用
9,"3.8 安全扩展要求 specific security requirements
针对云计算、移动互联、物联网、工业控制系统提出的特殊安全要求。",信息安全技术网络安全等级保护基本要求,GB/T 22239-2019,null,信息安全技术网络安全等级保护基本要求,3 术语和定义,3.8 安全扩展要求,null,null,通用
10,"3.9 安全技术要求 security technical requirements
等级保护对象应满足的安全技术方面的要求。",信息安全技术网络安全等级保护基本要求,GB/T 22239-2019,null,信息安全技术网络安全等级保护基本要求,3 术语和定义,3.9 安全技术要求,null,null,通用
11,"3.10 安全管理要求 security management requirements
等级保护对象应满足的安全管理方面的要求。",信息安全技术网络安全等级保护基本要求,GB/T 22239-2019,null,信息安全技术网络安全等级保护基本要求,3 术语和定义,3.10 安全管理要求,null,null,通用
12,"3.11 安全区域边界 security area boundary
等级保护对象内部不同安全等级区域之间的边界。",信息安全技术网络安全等级保护基本要求,GB/T 22239-2019,null,信息安全技术网络安全等级保护基本要求,3 术语和定义,3.11 安全区域边界,null,null,通用
13,"3.12 安全计算环境 security computing environment
等级保护对象内部进行信息处理、存储、传输等活动的区域。",信息安全技术网络安全等级保护基本要求,GB/T 22239-2019,null,信息安全技术网络安全等级保护基本要求,3 术语和定义,3.12 安全计算环境,null,null,通用
14,"3.13 安全管理中心 security management center
对等级保护对象进行统一安全管理的平台或区域。",信息安全技术网络安全等级保护基本要求,GB/T 22239-2019,null,信息安全技术网络安全等级保护基本要求,3 术语和定义,3.13 安全管理中心,null,null,通用
15,"3.14 安全建设管理 security construction management
在等级保护对象建设过程中实施的安全管理活动。",信息安全技术网络安全等级保护基本要求,GB/T 22239-2019,null,信息安全技术网络安全等级保护基本要求,3 术语和定义,3.14 安全建设管理,null,null,通用
16,"3.15 安全运维管理 security operation and maintenance management
在等级保护对象运行维护过程中实施的安全管理活动。",信息安全技术网络安全等级保护基本要求,GB/T 22239-2019,null,信息安全技术网络安全等级保护基本要求,3 术语和定义,3.15 安全运维管理,null,null,通用
17,"3.16 安全管理制度 security management system
用于规范等级保护对象安全管理活动的制度文件。",信息安全技术网络安全等级保护基本要求,GB/T 22239-2019,null,信息安全技术网络安全等级保护基本要求,3 术语和定义,3.16 安全管理制度,null,null,通用
18,"3.17 安全管理机构 security management organization
负责等级保护对象安全管理的组织机构。",信息安全技术网络安全等级保护基本要求,GB/T 22239-2019,null,信息安全技术网络安全等级保护基本要求,3 术语和定义,3.17 安全管理机构,null,null,通用
19,"3.18 安全管理人员 security management personnel
负责等级保护对象安全管理的人员。",信息安全技术网络安全等级保护基本要求,GB/T 22239-2019,null,信息安全技术网络安全等级保护基本要求,3 术语和定义,3.18 安全管理人员,null,null,通用
20,"5.1 等级保护对象
等级保护对象是指网络安全等级保护工作中的对象，通常是指由计算机或者其他信息终端及相关设备组成的按照一定的规则和程序对信息进行收集、存储、传输、交换、处理的系统，主要包括基础信息网络、云计算平台/系统、大数据应用/平台/资源、物联网（IoT）、工业控制系统和采用移动互联技术的系统等。等级保护对象根据其在国家安全、经济建设、社会生活中的重要程度，遭到破坏后对国家安全、社会秩序、公共利益以及公民、法人和其他组织的合法权益的危害程度等，由低到高被划分为五个安全保护等级。保护对象的安全保护等级确定方法见GB/T22240。",信息安全技术网络安全等级保护基本要求,GB/T 22239-2019,null,信息安全技术网络安全等级保护基本要求,5 网络安全等级保护概述,5.1 等级保护对象,null,null,通用
21,"5.2 不同级别的安全保护能力
第一级安全保护能力：应能够防护免受来自个人的、拥有很少资源的威胁源发起的恶意攻击、一般的自然灾难，以及其他相当危害程度的威胁所造成的关键资源损害，在自身遭到损害后，能够恢复部分功能。
第二级安全保护能力：应能够防护免受来自外部小型组织的、拥有少量资源的威胁源发起的恶意攻击、一般的自然灾难，以及其他相当危害程度的威胁所造成的重要资源损害，能够发现重要的安全漏洞和处置安全事件，在自身遭到损害后，能够在一段时间内恢复部分功能。
第三级安全保护能力：应能够在统一安全策略下防护免受来自外部有组织的团体、拥有较为丰富资源的威胁源发起的恶意攻击、较为严重的自然灾难，以及其他相当危害程度的威胁所造成的主要资源损害，能够发现、处置安全事件，在自身遭到损害后，能够较快恢复绝大部分功能。
第四级安全保护能力：应能够在统一安全策略下防护免受来自国家级别的、敌对组织的、拥有丰富资源的威胁源发起的恶意攻击、严重的自然灾难，以及其他相当危害程度的威胁所造成的资源损害，能够发现、处置安全事件，在自身遭到损害后，能够迅速恢复所有功能。",信息安全技术网络安全等级保护基本要求,GB/T 22239-2019,null,信息安全技术网络安全等级保护基本要求,5 网络安全等级保护概述,5.2 不同级别的安全保护能力,null,null,通用
22,"5.3 安全通用要求和安全扩展要求
安全通用要求：不管等级保护对象形态如何必须满足的安全要求。
安全扩展要求：针对云计算、移动互联、物联网、工业控制系统提出的特殊安全要求。",信息安全技术网络安全等级保护基本要求,GB/T 22239-2019,null,信息安全技术网络安全等级保护基本要求,5 网络安全等级保护概述,5.3 安全通用要求和安全扩展要求,null,null,通用
23,"6.1.1.1 物理访问控制
机房出入口应安排专人值守或配置电子门禁系统，控制、鉴别和记录进入的人员。",信息安全技术网络安全等级保护基本要求,GB/T 22239-2019,物理访问控制,信息安全技术网络安全等级保护基本要求,6 第一级安全要求,6.1 安全通用要求,6.1.1 安全物理环境,6.1.1.1 物理访问控制,第一级
24,"6.1.1.2 防盗窃和防破坏
应将设备或主要部件进行固定，并设置明显的不易除去的标识。",信息安全技术网络安全等级保护基本要求,GB/T 22239-2019,物理访问控制,信息安全技术网络安全等级保护基本要求,6 第一级安全要求,6.1 安全通用要求,6.1.1 安全物理环境,6.1.1.2 防盗窃和防破坏,第一级
25,"6.1.1.3 防雷击
应将各类机柜、设施和设备等通过接地系统安全接地。",信息安全技术网络安全等级保护基本要求,GB/T 22239-2019,物理环境安全,信息安全技术网络安全等级保护基本要求,6 第一级安全要求,6.1 安全通用要求,6.1.1 安全物理环境,6.1.1.3 防雷击,第一级
26,"6.1.1.4 防火
机房应设置灭火设备。",信息安全技术网络安全等级保护基本要求,GB/T 22239-2019,物理环境安全,信息安全技术网络安全等级保护基本要求,6 第一级安全要求,6.1 安全通用要求,6.1.1 安全物理环境,6.1.1.4 防火,第一级
27,"6.1.1.5 防水和防潮
应采取措施防止雨水通过机房窗户、屋顶和墙壁渗透。",信息安全技术网络安全等级保护基本要求,GB/T 22239-2019,物理环境安全,信息安全技术网络安全等级保护基本要求,6 第一级安全要求,6.1 安全通用要求,6.1.1 安全物理环境,6.1.1.5 防水和防潮,第一级
28,"6.1.1.6 温湿度控制
应设置必要的温湿度调节设施，使机房温湿度的变化在设备运行所允许的范围之内。",信息安全技术网络安全等级保护基本要求,GB/T 22239-2019,物理环境安全,信息安全技术网络安全等级保护基本要求,6 第一级安全要求,6.1 安全通用要求,6.1.1 安全物理环境,6.1.1.6 温湿度控制,第一级
29,"6.1.1.7 电力供应
应在机房供电线路上配置稳压器和过电压防护设备。",信息安全技术网络安全等级保护基本要求,GB/T 22239-2019,物理环境安全,信息安全技术网络安全等级保护基本要求,6 第一级安全要求,6.1 安全通用要求,6.1.1 安全物理环境,6.1.1.7 电力供应,第一级
30,"6.1.2.1 通信传输
应采用校验技术保证通信过程中数据的完整性。",信息安全技术网络安全等级保护基本要求,GB/T 22239-2019,通信传输安全,信息安全技术网络安全等级保护基本要求,6 第一级安全要求,6.1 安全通用要求,6.1.2 安全通信网络,6.1.2.1 通信传输,第一级
31,"6.1.2.2 可信验证
可基于可信根对通信设备的系统引导程序、系统程序等进行可信验证，并在检测到其可信性受到破坏后进行报警。",信息安全技术网络安全等级保护基本要求,GB/T 22239-2019,可信验证,信息安全技术网络安全等级保护基本要求,6 第一级安全要求,6.1 安全通用要求,6.1.2 安全通信网络,6.1.2.2 可信验证,第一级
32,"6.1.3.1 边界防护
应保证跨越边界的访问和数据流通过边界设备提供的受控接口进行通信。",信息安全技术网络安全等级保护基本要求,GB/T 22239-2019,边界防护,信息安全技术网络安全等级保护基本要求,6 第一级安全要求,6.1 安全通用要求,6.1.3 安全区域边界,6.1.3.1 边界防护,第一级
33,"6.1.3.2 访问控制
本项要求包括：
a）应在网络边界根据访问控制策略设置访问控制规则，默认情况下除允许通信外受控接口拒绝所有通信；
b）应删除多余或无效的访问控制规则，优化访问控制列表，并保证访问控制规则数量最小化；
c）应对源地址、目的地址、源端口、目的端口和协议等进行检查，以允许/拒绝数据包进出。",信息安全技术网络安全等级保护基本要求,GB/T 22239-2019,访问控制,信息安全技术网络安全等级保护基本要求,6 第一级安全要求,6.1 安全通用要求,6.1.3 安全区域边界,6.1.3.2 访问控制,第一级
34,"6.1.3.3 可信验证
可基于可信根对边界设备的系统引导程序、系统程序等进行可信验证，并在检测到其可信性受到破坏后进行报警。",信息安全技术网络安全等级保护基本要求,GB/T 22239-2019,可信验证,信息安全技术网络安全等级保护基本要求,6 第一级安全要求,6.1 安全通用要求,6.1.3 安全区域边界,6.1.3.3 可信验证,第一级
35,"6.1.4.1 身份鉴别
本项要求包括：
a）应对登录的用户进行身份标识和鉴别，身份标识具有唯一性，身份鉴别信息具有复杂度要求并定期更换；
b）应具有登录失败处理功能，应配置并启用结束会话、限制非法登录次数和当登录连接超时自动退出等相关措施。",信息安全技术网络安全等级保护基本要求,GB/T 22239-2019,身份鉴别,信息安全技术网络安全等级保护基本要求,6 第一级安全要求,6.1 安全通用要求,6.1.4 安全计算环境,6.1.4.1 身份鉴别,第一级
36,"6.1.4.2 访问控制
本项要求包括：
a）应对登录的用户分配账户和权限；
b）应重命名或删除默认账户，修改默认账户的默认口令；
c）应及时删除或停用多余的、过期的账户，避免共享账户的存在。",信息安全技术网络安全等级保护基本要求,GB/T 22239-2019,访问控制,信息安全技术网络安全等级保护基本要求,6 第一级安全要求,6.1 安全通用要求,6.1.4 安全计算环境,6.1.4.2 访问控制,第一级
37,"6.1.4.3 入侵防范
本项要求包括：
a）应遵循最小安装的原则，仅安装需要的组件和应用程序；
b）应关闭不需要的系统服务、默认共享和高危端口。",信息安全技术网络安全等级保护基本要求,GB/T 22239-2019,入侵防范,信息安全技术网络安全等级保护基本要求,6 第一级安全要求,6.1 安全通用要求,6.1.4 安全计算环境,6.1.4.3 入侵防范,第一级
38,"6.1.4.4 恶意代码防范
应安装防恶意代码软件或配置具有相应功能的软件，并定期进行升级和更新防恶意代码库。",信息安全技术网络安全等级保护基本要求,GB/T 22239-2019,恶意代码防范,信息安全技术网络安全等级保护基本要求,6 第一级安全要求,6.1 安全通用要求,6.1.4 安全计算环境,6.1.4.4 恶意代码防范,第一级
39,"6.1.4.5 可信验证
可基于可信根对计算设备的系统引导程序、系统程序等进行可信验证，并在检测到其可信性受到破坏后进行报警。",信息安全技术网络安全等级保护基本要求,GB/T 22239-2019,可信验证,信息安全技术网络安全等级保护基本要求,6 第一级安全要求,6.1 安全通用要求,6.1.4 安全计算环境,6.1.4.5 可信验证,第一级
40,"6.1.4.6 数据完整性
应采用校验技术保证重要数据在传输过程中的完整性。",信息安全技术网络安全等级保护基本要求,GB/T 22239-2019,数据完整性,信息安全技术网络安全等级保护基本要求,6 第一级安全要求,6.1 安全通用要求,6.1.4 安全计算环境,6.1.4.6 数据完整性,第一级
41,"6.1.4.7 数据备份恢复
应提供重要数据的本地数据备份与恢复功能。",信息安全技术网络安全等级保护基本要求,GB/T 22239-2019,数据备份与恢复,信息安全技术网络安全等级保护基本要求,6 第一级安全要求,6.1 安全通用要求,6.1.4 安全计算环境,6.1.4.7 数据备份恢复,第一级
42,"6.1.5.1 管理制度
应建立日常管理活动中常用的安全管理制度。",信息安全技术网络安全等级保护基本要求,GB/T 22239-2019,安全管理制度,信息安全技术网络安全等级保护基本要求,6 第一级安全要求,6.1 安全通用要求,6.1.5 安全管理制度,6.1.5.1 管理制度,第一级
43,"6.1.6.1 岗位设置
应设立系统管理员等岗位，并定义各个工作岗位的职责。",信息安全技术网络安全等级保护基本要求,GB/T 22239-2019,人员安全管理,信息安全技术网络安全等级保护基本要求,6 第一级安全要求,6.1 安全通用要求,6.1.6 安全管理机构,6.1.6.1 岗位设置,第一级
44,"6.1.6.2 人员配备
应配备一定数量的系统管理员。",信息安全技术网络安全等级保护基本要求,GB/T 22239-2019,人员安全管理,信息安全技术网络安全等级保护基本要求,6 第一级安全要求,6.1 安全通用要求,6.1.6 安全管理机构,6.1.6.2 人员配备,第一级
45,"6.1.6.3 授权和审批
应根据各个部门和岗位的职责明确授权审批事项、审批部门和批准人等。",信息安全技术网络安全等级保护基本要求,GB/T 22239-2019,访问控制,信息安全技术网络安全等级保护基本要求,6 第一级安全要求,6.1 安全通用要求,6.1.6 安全管理机构,6.1.6.3 授权和审批,第一级
46,"6.1.7.1 人员录用
应指定或授权专门的部门或人员负责人员录用。",信息安全技术网络安全等级保护基本要求,GB/T 22239-2019,人员安全管理,信息安全技术网络安全等级保护基本要求,6 第一级安全要求,6.1 安全通用要求,6.1.7 安全管理人员,6.1.7.1 人员录用,第一级
47,"6.1.7.2 人员离岗
应及时终止离岗人员的所有访问权限，取回各种身份证件、钥匙、徽章等以及机构提供的软硬件设备。",信息安全技术网络安全等级保护基本要求,GB/T 22239-2019,人员安全管理,信息安全技术网络安全等级保护基本要求,6 第一级安全要求,6.1 安全通用要求,6.1.7 安全管理人员,6.1.7.2 人员离岗,第一级
48,"6.1.7.3 安全意识教育和培训
应对各类人员进行安全意识教育和岗位技能培训，并告知相关的安全责任和惩戒措施。",信息安全技术网络安全等级保护基本要求,GB/T 22239-2019,安全意识与培训,信息安全技术网络安全等级保护基本要求,6 第一级安全要求,6.1 安全通用要求,6.1.7 安全管理人员,6.1.7.3 安全意识教育和培训,第一级
49,"6.1.7.4 外部人员访问管理
应保证在外部人员访问受控区域前得到授权或审批。",信息安全技术网络安全等级保护基本要求,GB/T 22239-2019,访问控制,信息安全技术网络安全等级保护基本要求,6 第一级安全要求,6.1 安全通用要求,6.1.7 安全管理人员,6.1.7.4 外部人员访问管理,第一级
50,"6.1.8.1 定级和备案
应以书面的形式说明保护对象的安全保护等级及确定等级的方法和理由。",信息安全技术网络安全等级保护基本要求,GB/T 22239-2019,等级保护实施,信息安全技术网络安全等级保护基本要求,6 第一级安全要求,6.1 安全通用要求,6.1.8 安全建设管理,6.1.8.1 定级和备案,第一级
51,"6.1.8.2 安全方案设计
应根据安全保护等级选择基本安全措施，依据风险分析的结果补充和调整安全措施。",信息安全技术网络安全等级保护基本要求,GB/T 22239-2019,安全管理制度,信息安全技术网络安全等级保护基本要求,6 第一级安全要求,6.1 安全通用要求,6.1.8 安全建设管理,6.1.8.2 安全方案设计,第一级
52,"6.1.8.3 产品采购和使用
应确保网络安全产品采购和使用符合国家的有关规定。",信息安全技术网络安全等级保护基本要求,GB/T 22239-2019,外包与供应商管理,信息安全技术网络安全等级保护基本要求,6 第一级安全要求,6.1 安全通用要求,6.1.8 安全建设管理,6.1.8.3 产品采购和使用,第一级
53,"6.1.8.4 工程实施
应指定或授权专门的部门或人员负责工程实施过程的管理。",信息安全技术网络安全等级保护基本要求,GB/T 22239-2019,工程与交付管理,信息安全技术网络安全等级保护基本要求,6 第一级安全要求,6.1 安全通用要求,6.1.8 安全建设管理,6.1.8.4 工程实施,第一级
54,"6.1.8.5 测试验收
应进行安全性测试验收。",信息安全技术网络安全等级保护基本要求,GB/T 22239-2019,工程与交付管理,信息安全技术网络安全等级保护基本要求,6 第一级安全要求,6.1 安全通用要求,6.1.8 安全建设管理,6.1.8.5 测试验收,第一级
55,"6.1.8.6 系统交付
本项要求包括：
a）应制定交付清单，并根据交付清单对所交接的设备、软件和文档等进行清点；
b）应对负责运行维护的技术人员进行相应的技能培训。",信息安全技术网络安全等级保护基本要求,GB/T 22239-2019,工程与交付管理,信息安全技术网络安全等级保护基本要求,6 第一级安全要求,6.1 安全通用要求,6.1.8 安全建设管理,6.1.8.6 系统交付,第一级
56,"6.1.8.7 服务供应商选择
本项要求包括：
a）应确保服务供应商的选择符合国家的有关规定；
b）应与选定的服务供应商签订与安全相关的协议，明确约定相关责任。",信息安全技术网络安全等级保护基本要求,GB/T 22239-2019,外包与供应商管理,信息安全技术网络安全等级保护基本要求,6 第一级安全要求,6.1 安全通用要求,6.1.8 安全建设管理,6.1.8.7 服务供应商选择,第一级
57,"6.1.9.1 环境管理
本项要求包括：
a）应指定专门的部门或人员负责机房安全，对机房出入进行管理，定期对机房供配电、空调、温湿度控制、消防等设施进行维护管理；
b）应对机房的安全管理做出规定，包括物理访问、物品进出和环境安全等方面。",信息安全技术网络安全等级保护基本要求,GB/T 22239-2019,安全运维管理,信息安全技术网络安全等级保护基本要求,6 第一级安全要求,6.1 安全通用要求,6.1.9 安全运维管理,6.1.9.1 环境管理,第一级
58,"6.1.9.2 介质管理
应将介质存放在安全的环境中，对各类介质进行控制和保护，实行存储环境专人管理，并根据存档介质的目录清单定期盘点。",信息安全技术网络安全等级保护基本要求,GB/T 22239-2019,剩余信息保护,信息安全技术网络安全等级保护基本要求,6 第一级安全要求,6.1 安全通用要求,6.1.9 安全运维管理,6.1.9.2 介质管理,第一级
59,"6.1.9.3 设备维护管理
应对各种设备（包括备份和冗余设备）、线路等指定专门的部门或人员定期进行维护管理。",信息安全技术网络安全等级保护基本要求,GB/T 22239-2019,安全运维管理,信息安全技术网络安全等级保护基本要求,6 第一级安全要求,6.1 安全通用要求,6.1.9 安全运维管理,6.1.9.3 设备维护管理,第一级
60,"6.1.9.4 漏洞和风险管理
应采取必要的措施识别安全漏洞和隐患，对发现的安全漏洞和隐患及时进行修补或评估可能的影响后进行修补。",信息安全技术网络安全等级保护基本要求,GB/T 22239-2019,漏洞与风险管理,信息安全技术网络安全等级保护基本要求,6 第一级安全要求,6.1 安全通用要求,6.1.9 安全运维管理,6.1.9.4 漏洞和风险管理,第一级
61,"6.1.9.5 网络和系统安全管理
本项要求包括：
a）应划分不同的管理员角色进行网络和系统的运维管理，明确各个角色的责任和权限；
b）应指定专门的部门或人员进行账户管理，对申请账户、建立账户、删除账户等进行控制。",信息安全技术网络安全等级保护基本要求,GB/T 22239-2019,网络架构,信息安全技术网络安全等级保护基本要求,6 第一级安全要求,6.1 安全通用要求,6.1.9 安全运维管理,6.1.9.5 网络和系统安全管理,第一级
62,"6.1.9.6 恶意代码防范管理
本项要求包括：
a）应提高所有用户的防恶意代码意识，对外来计算机或存储设备接入系统前进行恶意代码检查等；
b）应对恶意代码防范要求做出规定，包括防恶意代码软件的授权使用、恶意代码库升级、恶意代码的定期查杀等。",信息安全技术网络安全等级保护基本要求,GB/T 22239-2019,恶意代码防范,信息安全技术网络安全等级保护基本要求,6 第一级安全要求,6.1 安全通用要求,6.1.9 安全运维管理,6.1.9.6 恶意代码防范管理,第一级
63,"6.1.9.7 备份与恢复管理
本项要求包括：
a）应识别需要定期备份的重要业务信息、系统数据及软件系统等；
b）应规定备份信息的备份方式、备份频度、存储介质、保存期等。",信息安全技术网络安全等级保护基本要求,GB/T 22239-2019,数据备份与恢复,信息安全技术网络安全等级保护基本要求,6 第一级安全要求,6.1 安全通用要求,6.1.9 安全运维管理,6.1.9.7 备份与恢复管理,第一级
64,"6.1.9.8 安全事件处置
本项要求包括：
a）应及时向安全管理部门报告所发现的安全弱点和可疑事件；
b）应制定安全事件报告和处置管理制度，明确不同安全事件的报告、处置和响应流程，规定安全事件的现场处理、事件报告和后期恢复的管理职责等。",信息安全技术网络安全等级保护基本要求,GB/T 22239-2019,安全事件管理,信息安全技术网络安全等级保护基本要求,6 第一级安全要求,6.1 安全通用要求,6.1.9 安全运维管理,6.1.9.8 安全事件处置,第一级
65,"7.1.1.1 物理位置选择
本项要求包括：
a）机房场地应选择在具有防震、防风和防雨等能力的建筑内；b）机房场地应避免设在建筑物的顶层或地下室，否则应加强防水和防潮措施。",信息安全技术网络安全等级保护基本要求,GB/T 22239-2019,物理访问控制,信息安全技术网络安全等级保护基本要求,7 第二级安全要求,7.1 安全通用要求,7.1.1 安全物理环境,7.1.1.1 物理位置选择,第二级
66,"7.1.1.2 物理访问控制
机房出入口应安排专人值守或配置电子门禁系统，控制、鉴别和记录进入的人员。",信息安全技术网络安全等级保护基本要求,GB/T 22239-2019,物理访问控制,信息安全技术网络安全等级保护基本要求,7 第二级安全要求,7.1 安全通用要求,7.1.1 安全物理环境,7.1.1.2 物理访问控制,第二级
67,"7.1.1.3 防盗窃和防破坏
本项要求包括：
a）应将设备或主要部件进行固定，并设置明显的不易除去的标识；b）应将通信线缆铺设在隐蔽安全处。",信息安全技术网络安全等级保护基本要求,GB/T 22239-2019,物理访问控制,信息安全技术网络安全等级保护基本要求,7 第二级安全要求,7.1 安全通用要求,7.1.1 安全物理环境,7.1.1.3 防盗窃和防破坏,第二级
68,"7.1.1.4 防雷击
应将各类机柜、设施和设备等通过接地系统安全接地。",信息安全技术网络安全等级保护基本要求,GB/T 22239-2019,物理环境安全,信息安全技术网络安全等级保护基本要求,7 第二级安全要求,7.1 安全通用要求,7.1.1 安全物理环境,7.1.1.4 防雷击,第二级
69,"7.1.1.5 防火
本项要求包括：
a）机房应设置火灾自动消防系统，能够自动检测火情、自动报警，并自动灭火；b）机房及相关的工作房间和辅助房应采用具有耐火等级的建筑材料。",信息安全技术网络安全等级保护基本要求,GB/T 22239-2019,物理环境安全,信息安全技术网络安全等级保护基本要求,7 第二级安全要求,7.1 安全通用要求,7.1.1 安全物理环境,7.1.1.5 防火,第二级
70,"7.1.1.6 防水和防潮
本项要求包括：
a）应采取措施防止雨水通过机房窗户、屋顶和墙壁渗透；b）应采取措施防止机房内水蒸气结露和地下积水的转移与渗透。",信息安全技术网络安全等级保护基本要求,GB/T 22239-2019,物理环境安全,信息安全技术网络安全等级保护基本要求,7 第二级安全要求,7.1 安全通用要求,7.1.1 安全物理环境,7.1.1.6 防水和防潮,第二级
71,"7.1.1.7 防静电
应采用防静电地板或地面并采用必要的接地防静电措施。",信息安全技术网络安全等级保护基本要求,GB/T 22239-2019,物理环境安全,信息安全技术网络安全等级保护基本要求,7 第二级安全要求,7.1 安全通用要求,7.1.1 安全物理环境,7.1.1.7 防静电,第二级
72,"7.1.1.8 温湿度控制
应设置温湿度自动调节设施，使机房温湿度的变化在设备运行所允许的范围之内。",信息安全技术网络安全等级保护基本要求,GB/T 22239-2019,物理环境安全,信息安全技术网络安全等级保护基本要求,7 第二级安全要求,7.1 安全通用要求,7.1.1 安全物理环境,7.1.1.8 温湿度控制,第二级
73,"7.1.1.9 电力供应
本项要求包括：
a）应在机房供电线路上配置稳压器和过电压防护设备；
b）应提供短期的备用电力供应，至少满足设备在断电情况下的正常运行要求。",信息安全技术网络安全等级保护基本要求,GB/T 22239-2019,物理环境安全,信息安全技术网络安全等级保护基本要求,7 第二级安全要求,7.1 安全通用要求,7.1.1 安全物理环境,7.1.1.9 电力供应,第二级
74,"7.1.1.10 电磁防护
电源线和通信线缆应隔离铺设，避免互相干扰。",信息安全技术网络安全等级保护基本要求,GB/T 22239-2019,物理环境安全,信息安全技术网络安全等级保护基本要求,7 第二级安全要求,7.1 安全通用要求,7.1.1 安全物理环境,7.1.1.10 电磁防护,第二级
75,"7.1.2.1 网络架构
本项要求包括：
a）应划分不同的网络区域，并按照方便管理和控制的原则为各网络区域分配地址；b）应避免将重要网络区域部署在边界处，重要网络区域与其他网络区域之间应采取可靠的技术隔离手段。",信息安全技术网络安全等级保护基本要求,GB/T 22239-2019,网络架构,信息安全技术网络安全等级保护基本要求,7 第二级安全要求,7.1 安全通用要求,7.1.2 安全通信网络,7.1.2.1 网络架构,第二级
76,"7.1.2.2 通信传输
应采用校验技术保证通信过程中数据的完整性。",信息安全技术网络安全等级保护基本要求,GB/T 22239-2019,通信传输安全,信息安全技术网络安全等级保护基本要求,7 第二级安全要求,7.1 安全通用要求,7.1.2 安全通信网络,7.1.2.2 通信传输,第二级
77,"7.1.2.3 可信验证
可基于可信根对通信设备的系统引导程序、系统程序、重要配置参数和通信应用程序等进行可信验证，并在检测到其可信性受到破坏后进行报警，并将验证结果形成审计记录送至安全管理中心。",信息安全技术网络安全等级保护基本要求,GB/T 22239-2019,可信验证,信息安全技术网络安全等级保护基本要求,7 第二级安全要求,7.1 安全通用要求,7.1.2 安全通信网络,7.1.2.3 可信验证,第二级
78,"7.1.3.1 边界防护
应保证跨越边界的访问和数据流通过边界设备提供的受控接口进行通信。",信息安全技术网络安全等级保护基本要求,GB/T 22239-2019,边界防护,信息安全技术网络安全等级保护基本要求,7 第二级安全要求,7.1 安全通用要求,7.1.3 安全区域边界,7.1.3.1 边界防护,第二级
79,"7.1.3.2 访问控制
本项要求包括：
a）应在网络边界或区域之间根据访问控制策略设置访问控制规则，默认情况下除允许通信外受控接口拒绝所有通信；b）应删除多余或无效的访问控制规则，优化访问控制列表，并保证访问控制规则数量最小化；c）应对源地址、目的地址、源端口、目的端口和协议等进行检查，以允许/拒绝数据包进出；d）应能根据会话状态信息为进出数据流提供明确的允许/拒绝访问的能力。",信息安全技术网络安全等级保护基本要求,GB/T 22239-2019,访问控制,信息安全技术网络安全等级保护基本要求,7 第二级安全要求,7.1 安全通用要求,7.1.3 安全区域边界,7.1.3.2 访问控制,第二级
80,"7.1.3.3 入侵防范
应在关键网络节点处监视网络攻击行为。",信息安全技术网络安全等级保护基本要求,GB/T 22239-2019,入侵防范,信息安全技术网络安全等级保护基本要求,7 第二级安全要求,7.1 安全通用要求,7.1.3 安全区域边界,7.1.3.3 入侵防范,第二级
81,"7.1.3.4 恶意代码防范
应在关键网络节点处对恶意代码进行检测和清除，并维护恶意代码防护机制的升级和更新。",信息安全技术网络安全等级保护基本要求,GB/T 22239-2019,恶意代码防范,信息安全技术网络安全等级保护基本要求,7 第二级安全要求,7.1 安全通用要求,7.1.3 安全区域边界,7.1.3.4 恶意代码防范,第二级
82,"7.1.3.5 安全审计
本项要求包括：
a）应在网络边界、重要网络节点进行安全审计，审计覆盖到每个用户，对重要的用户行为和重要安全事件进行审计；
b）审计记录应包括事件的日期和时间、用户、事件类型、事件是否成功及其他与审计相关的信息；c）应对审计记录进行保护，定期备份，避免受到未预期的删除、修改或覆盖等。",信息安全技术网络安全等级保护基本要求,GB/T 22239-2019,安全审计,信息安全技术网络安全等级保护基本要求,7 第二级安全要求,7.1 安全通用要求,7.1.3 安全区域边界,7.1.3.5 安全审计,第二级
83,"7.1.3.6 可信验证
可基于可信根对边界设备的系统引导程序、系统程序、重要配置参数和边界防护应用程序等进行可信验证，并在检测到其可信性受到破坏后进行报警，并将验证结果形成审计记录送至安全管理中心。",信息安全技术网络安全等级保护基本要求,GB/T 22239-2019,可信验证,信息安全技术网络安全等级保护基本要求,7 第二级安全要求,7.1 安全通用要求,7.1.3 安全区域边界,7.1.3.6 可信验证,第二级
84,"7.1.4.1 身份鉴别
本项要求包括：
a）应对登录的用户进行身份标识和鉴别，身份标识具有唯一性，身份鉴别信息具有复杂度要求并定期更换；b）应具有登录失败处理功能，应配置并启用结束会话、限制非法登录次数和当登录连接超时自动退出等相关措施；c）当进行远程管理时，应采取必要措施防止鉴别信息在网络传输过程中被窃听。",信息安全技术网络安全等级保护基本要求,GB/T 22239-2019,身份鉴别,信息安全技术网络安全等级保护基本要求,7 第二级安全要求,7.1 安全通用要求,7.1.4 安全计算环境,7.1.4.1 身份鉴别,第二级
85,"7.1.4.2 访问控制
本项要求包括：
a）应对登录的用户分配账户和权限；b）应重命名或删除默认账户，修改默认账户的默认口令；c）应及时删除或停用多余的、过期的账户，避免共享账户的存在；d）应授予管理用户所需的最小权限，实现管理用户的权限分离。",信息安全技术网络安全等级保护基本要求,GB/T 22239-2019,访问控制,信息安全技术网络安全等级保护基本要求,7 第二级安全要求,7.1 安全通用要求,7.1.4 安全计算环境,7.1.4.2 访问控制,第二级
86,"7.1.4.3 安全审计
本项要求包括：
a）应启用安全审计功能，审计覆盖到每个用户，对重要的用户行为和重要安全事件进行审计；b）审计记录应包括事件的日期和时间、用户、事件类型、事件是否成功及其他与审计相关的信息；c）应对审计记录进行保护，定期备份，避免受到未预期的删除、修改或覆盖等。",信息安全技术网络安全等级保护基本要求,GB/T 22239-2019,安全审计,信息安全技术网络安全等级保护基本要求,7 第二级安全要求,7.1 安全通用要求,7.1.4 安全计算环境,7.1.4.3 安全审计,第二级
87,"7.1.4.4 入侵防范
本项要求包括：
a）应遵循最小安装的原则，仅安装需要的组件和应用程序；b）应关闭不需要的系统服务、默认共享和高危端口；c）应通过设定终端接入方式或网络地址范围对通过网络进行管理的管理终端进行限制；d）应提供数据有效性检验功能，保证通过人机接口输入或通过通信接口输入的内容符合系统设定要求；e）应能发现可能存在的已知漏洞，并在经过充分测试评估后，及时修补漏洞。",信息安全技术网络安全等级保护基本要求,GB/T 22239-2019,入侵防范,信息安全技术网络安全等级保护基本要求,7 第二级安全要求,7.1 安全通用要求,7.1.4 安全计算环境,7.1.4.4 入侵防范,第二级
88,"7.1.4.5 恶意代码防范
应安装防恶意代码软件或配置具有相应功能的软件，并定期进行升级和更新防恶意代码库。",信息安全技术网络安全等级保护基本要求,GB/T 22239-2019,恶意代码防范,信息安全技术网络安全等级保护基本要求,7 第二级安全要求,7.1 安全通用要求,7.1.4 安全计算环境,7.1.4.5 恶意代码防范,第二级
89,"7.1.4.6 可信验证
可基于可信根对计算设备的系统引导程序、系统程序、重要配置参数和应用程序等进行可信验证，并在检测到其可信性受到破坏后进行报警，并将验证结果形成审计记录送至安全管理中心。",信息安全技术网络安全等级保护基本要求,GB/T 22239-2019,可信验证,信息安全技术网络安全等级保护基本要求,7 第二级安全要求,7.1 安全通用要求,7.1.4 安全计算环境,7.1.4.6 可信验证,第二级
90,"7.1.4.7 数据完整性
应采用校验技术保证重要数据在传输过程中的完整性。",信息安全技术网络安全等级保护基本要求,GB/T 22239-2019,数据完整性,信息安全技术网络安全等级保护基本要求,7 第二级安全要求,7.1 安全通用要求,7.1.4 安全计算环境,7.1.4.7 数据完整性,第二级
91,"7.1.4.8 数据备份恢复
本项要求包括：
a）应提供重要数据的本地数据备份与恢复功能；b）应提供异地数据备份功能，利用通信网络将重要数据定时批量传送至备用场地。",信息安全技术网络安全等级保护基本要求,GB/T 22239-2019,数据备份与恢复,信息安全技术网络安全等级保护基本要求,7 第二级安全要求,7.1 安全通用要求,7.1.4 安全计算环境,7.1.4.8 数据备份恢复,第二级
92,"7.1.4.9 剩余信息保护
应保证鉴别信息所在的存储空间被释放或重新分配前得到完全清除。",信息安全技术网络安全等级保护基本要求,GB/T 22239-2019,剩余信息保护,信息安全技术网络安全等级保护基本要求,7 第二级安全要求,7.1 安全通用要求,7.1.4 安全计算环境,7.1.4.9 剩余信息保护,第二级
93,"7.1.4.10 个人信息保护
本项要求包括：
a）应仅采集和保存业务必需的用户个人信息；b）应禁止未授权访问和非法使用用户个人信息。",信息安全技术网络安全等级保护基本要求,GB/T 22239-2019,资产管理,信息安全技术网络安全等级保护基本要求,7 第二级安全要求,7.1 安全通用要求,7.1.4 安全计算环境,7.1.4.10 个人信息保护,第二级
94,"7.1.5.1 系统管理
本项要求包括：
a）应对系统管理员进行身份鉴别，只允许其通过特定的命令或操作界面进行系统管理操作，并对这些操作进行审计；b）应通过系统管理员对系统的资源和运行进行配置、控制和管理，包括用户身份、系统资源配置、系统加载和启动、系统运行的异常处理、数据和设备的备份与恢复等。",信息安全技术网络安全等级保护基本要求,GB/T 22239-2019,安全运维管理,信息安全技术网络安全等级保护基本要求,7 第二级安全要求,7.1 安全通用要求,7.1.5 安全管理中心,7.1.5.1 系统管理,第二级
95,"7.1.5.2 审计管理
本项要求包括：
a）应对审计管理员进行身份鉴别，只允许其通过特定的命令或操作界面进行安全审计操作，并对这些操作进行审计；b）应通过审计管理员对审计记录进行分析，并根据分析结果进行处理，包括根据安全审计策略对审计记录进行存储、管理和查询等。",信息安全技术网络安全等级保护基本要求,GB/T 22239-2019,安全审计,信息安全技术网络安全等级保护基本要求,7 第二级安全要求,7.1 安全通用要求,7.1.5 安全管理中心,7.1.5.2 审计管理,第二级
96,"7.1.6.1 安全策略
应制定网络安全工作的总体方针和安全策略，阐明机构安全工作的总体目标、范围、原则和安全框架等。",信息安全技术网络安全等级保护基本要求,GB/T 22239-2019,安全管理制度,信息安全技术网络安全等级保护基本要求,7 第二级安全要求,7.1 安全通用要求,7.1.6 安全管理制度,7.1.6.1 安全策略,第二级
97,"7.1.6.2 管理制度
本项要求包括：
a）应对安全管理活动中的主要管理内容建立安全管理制度；b）应对管理人员或操作人员执行的日常管理操作建立操作规程。",信息安全技术网络安全等级保护基本要求,GB/T 22239-2019,安全管理制度,信息安全技术网络安全等级保护基本要求,7 第二级安全要求,7.1 安全通用要求,7.1.6 安全管理制度,7.1.6.2 管理制度,第二级
98,"7.1.6.3 制定和发布
本项要求包括：
a）应指定或授权专门的部门或人员负责安全管理制度的制定；b）安全管理制度应通过正式、有效的方式发布，并进行版本控制。",信息安全技术网络安全等级保护基本要求,GB/T 22239-2019,安全管理制度,信息安全技术网络安全等级保护基本要求,7 第二级安全要求,7.1 安全通用要求,7.1.6 安全管理制度,7.1.6.3 制定和发布,第二级
99,"7.1.6.4 评审和修订
应定期对安全管理制度的合理性和适用性进行论证和审定，对存在不足或需要改进的安全管理制度进行修订。",信息安全技术网络安全等级保护基本要求,GB/T 22239-2019,安全管理制度,信息安全技术网络安全等级保护基本要求,7 第二级安全要求,7.1 安全通用要求,7.1.6 安全管理制度,7.1.6.4 评审和修订,第二级
100,"7.1.7.1 岗位设置
本项要求包括：
a）应设立网络安全管理工作的职能部门，设立安全主管、安全管理各个方面的负责人岗位，并定义各负责人的职责；b）应设立系统管理员、网络管理员、安全管理员等岗位，并定义部门及各个工作岗位的职责。",信息安全技术网络安全等级保护基本要求,GB/T 22239-2019,人员安全管理,信息安全技术网络安全等级保护基本要求,7 第二级安全要求,7.1 安全通用要求,7.1.7 安全管理机构,7.1.7.1 岗位设置,第二级
101,"7.1.7.2 人员配备
本项要求包括：
a）应配备一定数量的系统管理员、网络管理员、安全管理员等；b）应配备专职安全管理员，不可兼任。",信息安全技术网络安全等级保护基本要求,GB/T 22239-2019,人员安全管理,信息安全技术网络安全等级保护基本要求,7 第二级安全要求,7.1 安全通用要求,7.1.7 安全管理机构,7.1.7.2 人员配备,第二级
102,"7.1.7.3 授权和审批
本项要求包括：
a）应根据各个部门和岗位的职责明确授权审批事项、审批部门和批准人等；b）应针对系统变更、重要操作、物理访问和系统接入等事项建立审批程序，按照审批程序执行审批过程，对重要活动建立逐级审批制度；c）应定期审查审批事项，及时更新需授权和审批的项目、审批部门和审批人等信息。",信息安全技术网络安全等级保护基本要求,GB/T 22239-2019,访问控制,信息安全技术网络安全等级保护基本要求,7 第二级安全要求,7.1 安全通用要求,7.1.7 安全管理机构,7.1.7.3 授权和审批,第二级
103,"7.1.7.4 沟通和合作
本项要求包括：
a）应加强各类管理人员之间、组织内部机构之间以及网络安全职能部门内部的合作与沟通，定期召开协调会议，共同协作处理网络安全问题；b）应加强与网络安全职能部门、各类供应商、业界专家及安全组织的合作与沟通；c）应建立外联单位联系列表，包括外联单位名称、合作内容、联系人和联系方式等信息。",信息安全技术网络安全等级保护基本要求,GB/T 22239-2019,安全运维管理,信息安全技术网络安全等级保护基本要求,7 第二级安全要求,7.1 安全通用要求,7.1.7 安全管理机构,7.1.7.4 沟通和合作,第二级
104,"7.1.7.5 审核和检查
本项要求包括：
a）应定期进行常规安全检查，检查内容包括系统日常运行、系统漏洞和数据备份等情况；b）应定期进行全面安全检查，检查内容包括现有安全技术措施的有效性、安全配置与安全策略的一致性、安全管理制度的执行情况等；c）应制定安全检查表格实施安全检查，汇总安全检查数据，形成安全检查报告，并对安全检查结果进行通报。",信息安全技术网络安全等级保护基本要求,GB/T 22239-2019,安全审计,信息安全技术网络安全等级保护基本要求,7 第二级安全要求,7.1 安全通用要求,7.1.7 安全管理机构,7.1.7.5 审核和检查,第二级
105,"7.1.8.1 人员录用
本项要求包括：
a）应指定或授权专门的部门或人员负责人员录用；b）应规范人员录用过程，对被录用人的身份、背景、专业资格和资质等进行审查，对其所具有的技术技能进行考核；c）应与被录用人员签署保密协议，与关键岗位人员签署岗位责任协议。",信息安全技术网络安全等级保护基本要求,GB/T 22239-2019,人员安全管理,信息安全技术网络安全等级保护基本要求,7 第二级安全要求,7.1 安全通用要求,7.1.8 安全管理人员,7.1.8.1 人员录用,第二级
106,"7.1.8.2 人员离岗
本项要求包括：
a）应及时终止离岗人员的所有访问权限，取回各种身份证件、钥匙、徽章等以及机构提供的软硬件设备；b）应办理严格的调离手续，并承诺调离后的保密义务后方可离开。",信息安全技术网络安全等级保护基本要求,GB/T 22239-2019,人员安全管理,信息安全技术网络安全等级保护基本要求,7 第二级安全要求,7.1 安全通用要求,7.1.8 安全管理人员,7.1.8.2 人员离岗,第二级
107,"7.1.8.3 安全意识教育和培训
本项要求包括：
a）应对各类人员进行安全意识教育和岗位技能培训，并告知相关的安全责任和惩戒措施；b）应针对不同岗位制定不同的培训计划，对安全基础知识、岗位操作规程等进行培训；c）应定期对不同岗位的人员进行技能考核。",信息安全技术网络安全等级保护基本要求,GB/T 22239-2019,安全意识与培训,信息安全技术网络安全等级保护基本要求,7 第二级安全要求,7.1 安全通用要求,7.1.8 安全管理人员,7.1.8.3 安全意识教育和培训,第二级
108,"7.1.8.4 外部人员访问管理
本项要求包括：
a）应在外部人员物理访问受控区域前先提出书面申请，批准后由专人全程陪同，并登记备案；b）应在外部人员接入受控网络访问系统前先提出书面申请，批准后由专人开设账户、分配权限，并登记备案；c）外部人员离场后应及时清除其所有的访问权限；d）获得系统访问授权的外部人员应签署保密协议，不得进行非授权操作，不得复制和泄露任何敏感信息。",信息安全技术网络安全等级保护基本要求,GB/T 22239-2019,访问控制,信息安全技术网络安全等级保护基本要求,7 第二级安全要求,7.1 安全通用要求,7.1.8 安全管理人员,7.1.8.4 外部人员访问管理,第二级
109,"7.1.9.1 定级和备案
本项要求包括：
a）应以书面的形式说明保护对象的安全保护等级及确定等级的方法和理由；b）应组织相关部门和有关安全技术专家对定级结果的合理性和正确性进行论证和审定；c）应保证定级结果经过相关部门的批准；d）应将备案材料报主管部门和相应公安机关备案。",信息安全技术网络安全等级保护基本要求,GB/T 22239-2019,等级保护实施,信息安全技术网络安全等级保护基本要求,7 第二级安全要求,7.1 安全通用要求,7.1.9 安全建设管理,7.1.9.1 定级和备案,第二级
110,"7.1.9.2 安全方案设计
本项要求包括：
a）应根据安全保护等级选择基本安全措施，并依据风险分析的结果补充和调整安全措施；b）应根据保护对象的安全保护等级及与其他级别保护对象的关系进行统一的安全规划和安全方案设计；c）应组织相关部门和有关安全专家对安全整体规划及其配套文件的合理性和正确性进行论证和审定，经过批准后才能正式实施。",信息安全技术网络安全等级保护基本要求,GB/T 22239-2019,安全管理制度,信息安全技术网络安全等级保护基本要求,7 第二级安全要求,7.1 安全通用要求,7.1.9 安全建设管理,7.1.9.2 安全方案设计,第二级
111,"7.1.9.3 产品采购和使用
本项要求包括：
a）应确保网络安全产品采购和使用符合国家的有关规定；b）应预装或主动下载并安装操作系统、数据库系统、网络设备、网络安全产品的最新安全补丁；c）应确保密码产品与服务采购和使用符合国家密码管理主管部门的要求。",信息安全技术网络安全等级保护基本要求,GB/T 22239-2019,外包与供应商管理,信息安全技术网络安全等级保护基本要求,7 第二级安全要求,7.1 安全通用要求,7.1.9 安全建设管理,7.1.9.3 产品采购和使用,第二级
112,"7.1.9.4 自行软件开发
本项要求包括：
a）应将开发环境与实际运行环境物理分开，测试数据和测试结果受到控制；b）应制定软件开发管理制度，明确说明开发过程的控制方法和人员行为准则；c）应制定代码编写安全规范，要求开发人员参照规范编写代码；d）应确保具备软件设计的相关文档和使用指南，并对文档使用进行控制；e）应确保在软件开发过程中对安全性进行测试，在软件安装前对可能存在的恶意代码进行检测。",信息安全技术网络安全等级保护基本要求,GB/T 22239-2019,外包与供应商管理,信息安全技术网络安全等级保护基本要求,7 第二级安全要求,7.1 安全通用要求,7.1.9 安全建设管理,7.1.9.4 自行软件开发,第二级
113,"7.1.9.5 外包软件开发
本项要求包括：
a）应在软件交付前检测其中可能存在的恶意代码；b）应要求开发单位提供软件设计文档和使用指南；c）应要求开发单位提供软件源代码，并审查软件中可能存在的后门；d）应要求开发单位提供软件安全设计文档。",信息安全技术网络安全等级保护基本要求,GB/T 22239-2019,外包与供应商管理,信息安全技术网络安全等级保护基本要求,7 第二级安全要求,7.1 安全通用要求,7.1.9 安全建设管理,7.1.9.5 外包软件开发,第二级
114,"7.1.9.6 工程实施
本项要求包括：
a）应指定或授权专门的部门或人员负责工程实施过程的管理；b）应制定详细的工程实施方案控制实施过程，并要求工程实施单位能正式地执行安全工程过程；c）应制定工程实施方面的管理制度，明确说明实施过程的控制方法和人员行为准则。",信息安全技术网络安全等级保护基本要求,GB/T 22239-2019,工程与交付管理,信息安全技术网络安全等级保护基本要求,7 第二级安全要求,7.1 安全通用要求,7.1.9 安全建设管理,7.1.9.6 工程实施,第二级
115,"7.1.9.7 测试验收
本项要求包括：
a）应制订测试验收方案，并依据测试验收方案对系统进行测试验收；b）应组织相关部门和相关人员对测试验收报告进行审定，并签字确认。",信息安全技术网络安全等级保护基本要求,GB/T 22239-2019,工程与交付管理,信息安全技术网络安全等级保护基本要求,7 第二级安全要求,7.1 安全通用要求,7.1.9 安全建设管理,7.1.9.7 测试验收,第二级
116,"7.1.9.8 系统交付
本项要求包括：
a）应制定交付清单，并根据交付清单对所交接的设备、软件和文档等进行清点；b）应对负责系统运行维护的技术人员进行相应的技能培训；c）应确保提供系统建设过程中的文档和指导用户进行系统运行维护的文档；d）应对系统交付的控制方法和人员行为准则进行书面规定。",信息安全技术网络安全等级保护基本要求,GB/T 22239-2019,工程与交付管理,信息安全技术网络安全等级保护基本要求,7 第二级安全要求,7.1 安全通用要求,7.1.9 安全建设管理,7.1.9.8 系统交付,第二级
117,"7.1.9.9 等级测评
本项要求包括：
a）应定期进行等级测评，发现不符合相应等级保护标准要求的及时整改；b）应在发生重大变更或级别发生变化时进行等级测评；c）应选择具有国家相关技术资质和安全资质的测评单位进行等级测评；d）应指定或授权专门的部门或人员负责等级测评的管理。",信息安全技术网络安全等级保护基本要求,GB/T 22239-2019,等级保护实施,信息安全技术网络安全等级保护基本要求,7 第二级安全要求,7.1 安全通用要求,7.1.9 安全建设管理,7.1.9.9 等级测评,第二级
118,"7.1.9.10 服务供应商选择
本项要求包括：
a）应确保服务供应商的选择符合国家的有关规定；b）应与选定的服务供应商签订相关协议，明确整个服务供应链各方需履行的网络安全相关义务；c）应定期监督、评审和审核服务供应商提供的服务，并对其变更服务内容加以控制。",信息安全技术网络安全等级保护基本要求,GB/T 22239-2019,外包与供应商管理,信息安全技术网络安全等级保护基本要求,7 第二级安全要求,7.1 安全通用要求,7.1.9 安全建设管理,7.1.9.10 服务供应商选择,第二级
119,"7.1.10.1 环境管理
本项要求包括：
a）应指定专门的部门或人员负责机房安全，对机房出入进行管理，定期对机房供配电、空调、温湿度控制、消防等设施进行维护管理；b）应建立机房安全管理制度，对有关机房物理访问，物品带进、带出机房和机房环境安全等方面的管理作出规定；c）应不在重要区域接待来访人员和桌面上没有包含敏感信息的纸档文件、移动介质等。",信息安全技术网络安全等级保护基本要求,GB/T 22239-2019,安全运维管理,信息安全技术网络安全等级保护基本要求,7 第二级安全要求,7.1 安全通用要求,7.1.10 安全运维管理,7.1.10.1 环境管理,第二级
120,"7.1.10.2 资产管理
本项要求包括：
a）应编制并保存与保护对象相关的资产清单，包括资产责任部门、重要程度和所处位置等内容；b）应根据资产的重要程度对资产进行标识管理，根据资产的价值选择相应的管理措施；c）应对信息分类与标识方法作出规定，并对信息的使用、传输和存储等进行规范化管理。",信息安全技术网络安全等级保护基本要求,GB/T 22239-2019,资产管理,信息安全技术网络安全等级保护基本要求,7 第二级安全要求,7.1 安全通用要求,7.1.10 安全运维管理,7.1.10.2 资产管理,第二级
121,"7.1.10.3 介质管理
本项要求包括：
a）应将介质存放在安全的环境中，对各类介质进行控制和保护，实行存储环境专人管理，并根据存档介质的目录清单定期盘点；b）应对介质在物理传输过程中的人员选择、打包、交付等情况进行控制，对介质归档和查询等进行登记记录，并根据存档介质的目录清单定期盘点；c）应确保介质在传输过程中安全可靠，对需要送出维修或销毁的介质，应首先清除其中的敏感数据，防止信息的非法泄漏；d）应根据数据备份的需要对某些介质实行异地存储，存储地的环境要求和管理方法应与本地相同。",信息安全技术网络安全等级保护基本要求,GB/T 22239-2019,剩余信息保护,信息安全技术网络安全等级保护基本要求,7 第二级安全要求,7.1 安全通用要求,7.1.10 安全运维管理,7.1.10.3 介质管理,第二级
122,"7.1.10.4 设备维护管理
本项要求包括：
a）应对各种设备（包括备份和冗余设备）、线路等指定专门的部门或人员定期进行维护管理；b）应建立配套设施、软硬件维护方面的管理制度，对其维护进行有效的管理，包括明确维护人员的责任、涉外维修和服务的审批、维修过程的监督控制等；c）应确保信息处理设备必须经过审批才能带离机房或办公地点，含有存储介质的设备带出工作环境时其中重要数据必须加密；d）含有存储介质的设备在报废或重用前，应进行完全清除或被破坏，确保该介质的报废或重用符合保密要求。",信息安全技术网络安全等级保护基本要求,GB/T 22239-2019,安全运维管理,信息安全技术网络安全等级保护基本要求,7 第二级安全要求,7.1 安全通用要求,7.1.10 安全运维管理,7.1.10.4 设备维护管理,第二级
123,"7.1.10.5 漏洞和风险管理
本项要求包括：
a）应采取必要的措施识别安全漏洞和隐患，对发现的安全漏洞和隐患及时进行修补或评估可能的影响后进行修补；b）应定期开展安全测评，形成安全测评报告，采取措施应对发现的安全问题；c）应建立安全管理制度，对安全漏洞和风险的识别、修补、评估、报告等过程进行规范。",信息安全技术网络安全等级保护基本要求,GB/T 22239-2019,漏洞与风险管理,信息安全技术网络安全等级保护基本要求,7 第二级安全要求,7.1 安全通用要求,7.1.10 安全运维管理,7.1.10.5 漏洞和风险管理,第二级
124,"7.1.10.6 网络和系统安全管理
本项要求包括：
a）应划分不同的管理员角色进行网络和系统的运维管理，明确各个角色的责任和权限；b）应指定专门的部门或人员进行账户管理，对申请账户、建立账户、删除账户等进行控制；c）应建立网络和系统安全管理制度，对安全策略、账户管理、配置管理、日志管理、日常操作、升级、打补丁、口令更新周期等方面作出规定；d）应制定重要设备的配置和操作手册，依据手册对设备进行安全配置和优化配置等；e）应详细记录日常操作、运行维护记录、参数的设置和修改等内容。",信息安全技术网络安全等级保护基本要求,GB/T 22239-2019,网络架构,信息安全技术网络安全等级保护基本要求,7 第二级安全要求,7.1 安全通用要求,7.1.10 安全运维管理,7.1.10.6 网络和系统安全管理,第二级
125,"7.1.10.7 恶意代码防范管理
本项要求包括：
a）应提高所有用户的防恶意代码意识，对外来计算机或存储设备接入系统前进行恶意代码检查等；b）应定期验证防范恶意代码攻击的技术措施的有效性；c）应建立恶意代码防范管理制度，对防恶意代码软件、恶意代码库更新、恶意代码检测、恶意代码清除等过程进行规范。",信息安全技术网络安全等级保护基本要求,GB/T 22239-2019,恶意代码防范,信息安全技术网络安全等级保护基本要求,7 第二级安全要求,7.1 安全通用要求,7.1.10 安全运维管理,7.1.10.7 恶意代码防范管理,第二级
126,"7.1.10.8 配置管理
本项要求包括：
a）应记录和保存基本配置信息，包括网络拓扑结构、各个设备安装的软件组件、软件组件的版本和补丁信息、各个设备或组件的配置参数等；b）应将基本配置信息改变纳入变更范畴，实施对配置信息改变的控制，并及时更新基本配置信息库；c）应建立配置管理制度，对配置变更、配置信息库维护等过程进行规范。",信息安全技术网络安全等级保护基本要求,GB/T 22239-2019,安全运维管理,信息安全技术网络安全等级保护基本要求,7 第二级安全要求,7.1 安全通用要求,7.1.10 安全运维管理,7.1.10.8 配置管理,第二级
127,"7.1.10.9 密码管理
本项要求包括：
a）应遵循密码相关国家标准和行业标准；b）应使用国家密码管理主管部门认证核准的密码技术和产品；c）应建立密码管理制度，对密码算法选择、密钥管理、密码产品使用等过程进行规范。",信息安全技术网络安全等级保护基本要求,GB/T 22239-2019,数据保密性,信息安全技术网络安全等级保护基本要求,7 第二级安全要求,7.1 安全通用要求,7.1.10 安全运维管理,7.1.10.9 密码管理,第二级
128,"7.1.10.10 变更管理
本项要求包括：
a）应明确变更需求，变更前根据变更需求制定变更方案，变更方案经过评审、审批后方可实施；b）应建立变更的申报和审批控制程序，依据程序控制所有的变更，记录变更实施过程；c）应建立中止变更并从失败变更中恢复的程序，明确过程控制方法和人员职责，必要时对恢复过程进行演练。",信息安全技术网络安全等级保护基本要求,GB/T 22239-2019,安全运维管理,信息安全技术网络安全等级保护基本要求,7 第二级安全要求,7.1 安全通用要求,7.1.10 安全运维管理,7.1.10.10 变更管理,第二级
129,"7.1.10.11 备份与恢复管理
本项要求包括：
a）应识别需要定期备份的重要业务信息、系统数据及软件系统等；b）应规定备份信息的备份方式、备份频度、存储介质、保存期等；c）应根据数据的重要性和数据对系统运行的影响，制定数据的备份策略和恢复策略，备份策略须指明备份数据的放置场所、文件命名规则、介质替换频率和将数据离站运输的方法等；d）应建立控制数据备份和恢复过程的程序，记录备份过程，对需要采取加密或数据隐藏等处理的备份数据，进行备份和加密操作；e）应定期执行恢复程序，检查和测试备份介质的有效性，确保可以在恢复程序规定的时间内完成备份的恢复。",信息安全技术网络安全等级保护基本要求,GB/T 22239-2019,数据备份与恢复,信息安全技术网络安全等级保护基本要求,7 第二级安全要求,7.1 安全通用要求,7.1.10 安全运维管理,7.1.10.11 备份与恢复管理,第二级
130,"7.1.10.12 安全事件处置
本项要求包括：
a）应及时向安全管理部门报告所发现的安全弱点和可疑事件；b）应制定安全事件报告和处置管理制度，明确安全事件类型，规定安全事件的现场处理、事件报告和后期恢复的管理职责；c）应根据安全事件对本单位产生的影响，对本单位发生的网络安全事件进行分级管理；d）应记录并保存所有报告的安全弱点和可疑事件，分析事件原因，监督事态发展，采取措施避免安全事件发生。",信息安全技术网络安全等级保护基本要求,GB/T 22239-2019,安全事件管理,信息安全技术网络安全等级保护基本要求,7 第二级安全要求,7.1 安全通用要求,7.1.10 安全运维管理,7.1.10.12 安全事件处置,第二级
131,"7.1.10.13 应急预案管理
本项要求包括：
a）应规定统一的应急预案框架，并在此框架下制定不同事件的应急预案，包括应急处理策略、应急处理流程、应急预案启动条件、应急处理流程涉及的人员和物资、应急处理流程的培训等；b）应从人力、设备、技术和财务等方面确保应急预案的执行有足够的资源保障；c）应定期对系统相关的人员进行应急预案培训，并进行应急预案的演练；d）应定期对应急预案进行评估，根据实际情况和演练情况不断更新和完善应急预案；e）应规定对应急预案进行版本控制、应急预案的审批和发布、应急预案的保管等要求。",信息安全技术网络安全等级保护基本要求,GB/T 22239-2019,安全事件管理,信息安全技术网络安全等级保护基本要求,7 第二级安全要求,7.1 安全通用要求,7.1.10 安全运维管理,7.1.10.13 应急预案管理,第二级
132,"7.1.10.14 外包运维管理
本项要求包括：
a）应确保外包运维服务商的选择符合国家的有关规定；b）应与选定的外包运维服务商签订相关的协议，明确外包运维的范围、工作内容、安全责任和保密要求等；c）应建立外包运维服务商的评估审核机制，定期评估外包运维服务商的服务质量，对违反协议的外包运维服务商，应及时终止合作；d）应严格控制外包运维服务商的访问权限，及时清除过期账户和权限；e）应要求外包运维服务商保留操作痕迹，记录操作日志，并定期审计外包运维服务商的操作行为。",信息安全技术网络安全等级保护基本要求,GB/T 22239-2019,外包与供应商管理,信息安全技术网络安全等级保护基本要求,7 第二级安全要求,7.1 安全通用要求,7.1.10 安全运维管理,7.1.10.14 外包运维管理,第二级
133,"8.1.1.1 物理位置选择
本项要求包括：
a）应选择在具有防震、防风和防雨等能力的建筑内；b）应设置专门的机房，避免设在建筑物的高层或地下室，以及用水设备的下层或隔壁；c）应避开强电磁场、强振动源、强噪声源等场所；d）机房出入口应配置电子门禁系统，控制、鉴别和记录进入的人员。",信息安全技术网络安全等级保护基本要求,GB/T 22239-2019,物理访问控制,信息安全技术网络安全等级保护基本要求,8 第三级安全要求,8.1 安全通用要求,8.1.1 安全物理环境,8.1.1.1 物理位置选择,第三级
134,"8.1.1.2 物理访问控制
本项要求包括：
a）应将机房划分为不同的物理区域，并设置相应的访问控制措施；b）应对机房划分区域进行管理，区域和区域之间应用物理方式隔断；c）应对重要区域配置第二道电子门禁系统，控制、鉴别和记录进入的人员。",信息安全技术网络安全等级保护基本要求,GB/T 22239-2019,物理访问控制,信息安全技术网络安全等级保护基本要求,8 第三级安全要求,8.1 安全通用要求,8.1.1 安全物理环境,8.1.1.2 物理访问控制,第三级
135,"8.1.1.3 防盗窃和防破坏
本项要求包括：
a）应将主要设备放置在机房内；b）应将设备或主要部件进行固定，并设置明显的不易除去的标识；c）应将通信线缆铺设在隐蔽安全处；d）应设置机房防盗报警系统或设置有专人值守的视频监控系统。",信息安全技术网络安全等级保护基本要求,GB/T 22239-2019,物理访问控制,信息安全技术网络安全等级保护基本要求,8 第三级安全要求,8.1 安全通用要求,8.1.1 安全物理环境,8.1.1.3 防盗窃和防破坏,第三级
136,"8.1.1.4 防雷击
本项要求包括：
a）应将各类机柜、设施和设备等通过接地系统安全接地；b）应采取措施防止感应雷，例如设置防雷保安器或过压保护装置等。",信息安全技术网络安全等级保护基本要求,GB/T 22239-2019,物理环境安全,信息安全技术网络安全等级保护基本要求,8 第三级安全要求,8.1 安全通用要求,8.1.1 安全物理环境,8.1.1.4 防雷击,第三级
137,"8.1.1.5 防火
本项要求包括：
a）应设置火灾自动消防系统，能够自动检测火情、自动报警，并自动灭火；b）应对机房划分区域进行管理，区域和区域之间设置防火隔离措施；c）应对重要区域配置第二道电子门禁系统，控制、鉴别和记录进入的人员。",信息安全技术网络安全等级保护基本要求,GB/T 22239-2019,物理环境安全,信息安全技术网络安全等级保护基本要求,8 第三级安全要求,8.1 安全通用要求,8.1.1 安全物理环境,8.1.1.5 防火,第三级
138,"8.1.1.6 防水和防潮
本项要求包括：
a）应采取措施防止雨水通过机房窗户、屋顶和墙壁渗透；b）应采取措施防止机房内水蒸气结露和地下积水的转移与渗透；c）应安装对水敏感的检测仪表或元件，对机房进行防水检测和报警。",信息安全技术网络安全等级保护基本要求,GB/T 22239-2019,物理环境安全,信息安全技术网络安全等级保护基本要求,8 第三级安全要求,8.1 安全通用要求,8.1.1 安全物理环境,8.1.1.6 防水和防潮,第三级
139,"8.1.1.7 防静电
本项要求包括：
a）应采用防静电地板或地面；b）应采取措施防止静电的产生，例如采用静电消除器、防静电手环等；c）应采取措施防止静电对设备的损害。",信息安全技术网络安全等级保护基本要求,GB/T 22239-2019,物理环境安全,信息安全技术网络安全等级保护基本要求,8 第三级安全要求,8.1 安全通用要求,8.1.1 安全物理环境,8.1.1.7 防静电,第三级
140,"8.1.1.8 温湿度控制
本项要求包括：
a）应设置温湿度自动调节设施，使机房温湿度的变化在设备运行所允许的范围之内；b）应设置温湿度检测系统，对机房温湿度进行实时监测。",信息安全技术网络安全等级保护基本要求,GB/T 22239-2019,物理环境安全,信息安全技术网络安全等级保护基本要求,8 第三级安全要求,8.1 安全通用要求,8.1.1 安全物理环境,8.1.1.8 温湿度控制,第三级
141,"8.1.1.9 电力供应
本项要求包括：
a）应在机房供电线路上配置稳压器和过电压防护设备；b）应提供短期的备用电力供应，至少满足主要设备在断电情况下的正常运行要求；c）应设置冗余或并行的电力电缆线路为计算机系统供电；d）应提供应急供电设施。",信息安全技术网络安全等级保护基本要求,GB/T 22239-2019,物理环境安全,信息安全技术网络安全等级保护基本要求,8 第三级安全要求,8.1 安全通用要求,8.1.1 安全物理环境,8.1.1.9 电力供应,第三级
142,"8.1.1.10 电磁防护
本项要求包括：
a）应采用接地方式防止外界电磁干扰和设备寄生耦合干扰；b）应对关键设备和磁介质实施电磁屏蔽；c）应采取措施防止电磁泄漏，例如采用屏蔽机房、屏蔽机柜等。",信息安全技术网络安全等级保护基本要求,GB/T 22239-2019,物理环境安全,信息安全技术网络安全等级保护基本要求,8 第三级安全要求,8.1 安全通用要求,8.1.1 安全物理环境,8.1.1.10 电磁防护,第三级
143,"8.1.2.1 网络架构
本项要求包括：
a）应保证网络设备的业务处理能力满足业务高峰期需要；b）应保证网络各个部分的带宽满足业务高峰期需要；c）应在业务终端与业务服务器之间进行路由控制，建立安全的访问路径；d）应绘制与当前运行情况相符的网络拓扑结构图；e）应根据各部门的工作职能、重要性和所涉及信息的重要程度等因素，划分不同的子网或网段，并按照方便管理和控制的原则为各子网、网段分配地址段；f）应避免将重要网段部署在网络边界处且直接连接外部信息系统，重要网段与其他网段之间应采取可靠的技术隔离手段；g）应提供通信线路、关键网络设备和关键计算设备的硬件冗余，保证系统的可用性；h）应按照对业务服务的重要次序来指定带宽分配优先级别，保证在网络发生拥堵的时候优先保护重要主机。",信息安全技术网络安全等级保护基本要求,GB/T 22239-2019,网络架构,信息安全技术网络安全等级保护基本要求,8 第三级安全要求,8.1 安全通用要求,8.1.2 安全通信网络,8.1.2.1 网络架构,第三级
144,"8.1.2.2 通信传输
本项要求包括：
a）应采用校验技术或密码技术保证通信过程中数据的完整性；b）应采用密码技术保证通信过程中数据的保密性；c）应在通信前基于密码技术对通信的双方进行验证或认证；d）应基于硬件密码模块或国家密码管理部门批准的密码产品对通信过程中的整个报文或会话过程进行加密，且硬件密码模块或国家密码管理部门批准的密码产品应获得商用密码产品认证证书。",信息安全技术网络安全等级保护基本要求,GB/T 22239-2019,通信传输安全,信息安全技术网络安全等级保护基本要求,8 第三级安全要求,8.1 安全通用要求,8.1.2 安全通信网络,8.1.2.2 通信传输,第三级
145,"8.1.2.3 可信验证
本项要求包括：
a）可基于可信根对通信设备的系统引导程序、系统程序、重要配置参数和通信应用程序等进行可信验证，并在检测到其可信性受到破坏后进行报警；b）可基于可信根对边界设备的系统引导程序、系统程序、重要配置参数和边界防护策略等进行可信验证，并在检测到其可信性受到破坏后进行报警；c）可基于可信根对计算设备的系统引导程序、系统程序、重要配置参数和应用等进行可信验证，并在检测到其可信性受到破坏后进行报警。",信息安全技术网络安全等级保护基本要求,GB/T 22239-2019,可信验证,信息安全技术网络安全等级保护基本要求,8 第三级安全要求,8.1 安全通用要求,8.1.2 安全通信网络,8.1.2.3 可信验证,第三级
146,"8.1.3.1 边界防护
本项要求包括：
a）应保证跨越边界的访问和数据流通过边界设备提供的受控接口进行通信；b）应能够对非授权设备私自联到内部网络的行为进行检查或限制；c）应能够对内部用户非授权联到外部网络的行为进行检查或限制；d）应限制无线网络的使用，保证无线网络通过受控的边界设备接入内部网络；e）应能够在发现非授权私自连接网络的行为时，对其进行有效处置。",信息安全技术网络安全等级保护基本要求,GB/T 22239-2019,边界防护,信息安全技术网络安全等级保护基本要求,8 第三级安全要求,8.1 安全通用要求,8.1.3 安全区域边界,8.1.3.1 边界防护,第三级
147,"8.1.3.2 访问控制
本项要求包括：
a）应在网络边界或区域之间根据访问控制策略设置访问控制规则，默认情况下除允许通信外受控接口拒绝所有通信；b）应删除多余或无效的访问控制规则，优化访问控制列表，并保证访问控制规则数量最小化；c）应对源地址、目的地址、源端口、目的端口和协议等进行检查，以允许/拒绝数据包进出；d）应能根据会话状态信息为进出数据流提供明确的允许/拒绝访问的能力；e）应对进出网络的数据流实现基于应用协议和应用内容的访问控制；f）应在网络边界、重要网络节点进行安全审计，审计覆盖到每个用户，对重要的用户行为和重要安全事件进行审计；g）应保证无线网络的接入通过受控的边界防护设备接入内部网络。",信息安全技术网络安全等级保护基本要求,GB/T 22239-2019,访问控制,信息安全技术网络安全等级保护基本要求,8 第三级安全要求,8.1 安全通用要求,8.1.3 安全区域边界,8.1.3.2 访问控制,第三级
148,"8.1.3.3 入侵防范
本项要求包括：
a）应在关键网络节点处检测、防止或限制从外部发起的网络攻击行为；b）应在关键网络节点处检测、防止或限制从内部发起的网络攻击行为；c）应采取技术措施对网络行为进行分析，实现对网络攻击特别是新型网络攻击行为的分析；d）当检测到攻击行为时，应记录攻击源IP、攻击类型、攻击目标、攻击时间，在发生严重入侵事件时应提供报警。",信息安全技术网络安全等级保护基本要求,GB/T 22239-2019,入侵防范,信息安全技术网络安全等级保护基本要求,8 第三级安全要求,8.1 安全通用要求,8.1.3 安全区域边界,8.1.3.3 入侵防范,第三级
149,"8.1.3.4 恶意代码防范
本项要求包括：
a）应在关键网络节点处对恶意代码进行检测和清除，并维护恶意代码防护机制的升级和更新；b）应在关键网络节点处对垃圾邮件进行识别和防护，并维护垃圾邮件防护机制的升级和更新。",信息安全技术网络安全等级保护基本要求,GB/T 22239-2019,恶意代码防范,信息安全技术网络安全等级保护基本要求,8 第三级安全要求,8.1 安全通用要求,8.1.3 安全区域边界,8.1.3.4 恶意代码防范,第三级
150,"8.1.3.5 安全审计
本项要求包括：
a）应在网络边界、重要网络节点进行安全审计，审计覆盖到每个用户，对重要的用户行为和重要安全事件进行审计；b）审计记录应包括事件的日期和时间、用户、事件类型、事件是否成功及其他与审计相关的信息；c）应对审计记录进行保护，定期备份，避免受到未预期的删除、修改或覆盖等；d）应能对远程访问的用户行为、访问互联网的用户行为等单独进行行为审计和数据分析。",信息安全技术网络安全等级保护基本要求,GB/T 22239-2019,安全审计,信息安全技术网络安全等级保护基本要求,8 第三级安全要求,8.1 安全通用要求,8.1.3 安全区域边界,8.1.3.5 安全审计,第三级
151,"8.1.3.6 可信验证
本项要求包括：
a）可基于可信根对边界设备的系统引导程序、系统程序、重要配置参数和边界防护策略等进行可信验证，并在检测到其可信性受到破坏后进行报警；b）可基于可信根对计算设备的系统引导程序、系统程序、重要配置参数和应用等进行可信验证，并在检测到其可信性受到破坏后进行报警；c）可基于可信根对通信设备的系统引导程序、系统程序、重要配置参数和通信应用程序等进行可信验证，并在检测到其可信性受到破坏后进行报警。",信息安全技术网络安全等级保护基本要求,GB/T 22239-2019,可信验证,信息安全技术网络安全等级保护基本要求,8 第三级安全要求,8.1 安全通用要求,8.1.3 安全区域边界,8.1.3.6 可信验证,第三级
152,"8.1.4.1 身份鉴别
本项要求包括：
a）应对登录的用户进行身份标识和鉴别，身份标识具有唯一性，身份鉴别信息具有复杂度要求并定期更换；b）应具有登录失败处理功能，应配置并启用结束会话、限制非法登录次数和当登录连接超时自动退出等相关措施；c）应进行多因素鉴别，且其中一种鉴别技术应使用密码技术。",信息安全技术网络安全等级保护基本要求,GB/T 22239-2019,身份鉴别,信息安全技术网络安全等级保护基本要求,8 第三级安全要求,8.1 安全通用要求,8.1.4 安全计算环境,8.1.4.1 身份鉴别,第三级
153,"8.1.4.2 访问控制
本项要求包括：
a）应对登录的用户分配账户和权限；b）应重命名或删除默认账户，修改默认账户的默认口令；c）应及时删除或停用多余的、过期的账户，避免共享账户的存在；d）应授予管理用户所需的最小权限，实现管理用户的权限分离；e）应由授权主体配置访问控制策略，访问控制策略规定主体对客体的访问规则；f）访问控制的粒度应达到主体为用户级或进程级，客体为文件、数据库表级；g）应对重要主体和客体设置安全标记，并控制主体对有安全标记信息资源的访问。",信息安全技术网络安全等级保护基本要求,GB/T 22239-2019,访问控制,信息安全技术网络安全等级保护基本要求,8 第三级安全要求,8.1 安全通用要求,8.1.4 安全计算环境,8.1.4.2 访问控制,第三级
154,"8.1.4.3 安全审计
本项要求包括：
a）应启用安全审计功能，审计覆盖到每个用户，对重要的用户行为和重要安全事件进行审计；b）审计记录应包括事件的日期和时间、用户、事件类型、事件是否成功及其他与审计相关的信息；c）应对审计记录进行保护，定期备份，避免受到未预期的删除、修改或覆盖等；d）应对审计进程进行保护，防止未经授权的中断。",信息安全技术网络安全等级保护基本要求,GB/T 22239-2019,安全审计,信息安全技术网络安全等级保护基本要求,8 第三级安全要求,8.1 安全通用要求,8.1.4 安全计算环境,8.1.4.3 安全审计,第三级
155,"8.1.4.4 入侵防范
本项要求包括：
a）应遵循最小安装的原则，仅安装需要的组件和应用程序；b）应关闭不需要的系统服务、默认共享和高危端口；c）应通过设定终端接入方式或网络地址范围对通过网络进行管理的管理终端进行限制；d）应提供数据有效性检验功能，保证通过人机接口输入或通过通信接口输入的内容符合系统设定要求；e）应能发现可能存在的已知漏洞，并在经过充分测试评估后，及时修补漏洞；f）应能够检测到对重要节点进行入侵的行为，并在发生严重入侵事件时提供报警。",信息安全技术网络安全等级保护基本要求,GB/T 22239-2019,入侵防范,信息安全技术网络安全等级保护基本要求,8 第三级安全要求,8.1 安全通用要求,8.1.4 安全计算环境,8.1.4.4 入侵防范,第三级
156,"8.1.4.5 恶意代码防范
本项要求包括：
a）应采用免受恶意代码攻击的技术措施对恶意代码进行有效检测；b）应在主机和终端上安装防恶意代码软件或配置具有相应功能的软件，并定期进行升级和更新防恶意代码库；c）应支持防恶意代码的统一管理。",信息安全技术网络安全等级保护基本要求,GB/T 22239-2019,恶意代码防范,信息安全技术网络安全等级保护基本要求,8 第三级安全要求,8.1 安全通用要求,8.1.4 安全计算环境,8.1.4.5 恶意代码防范,第三级
157,"8.1.4.6 可信验证
本项要求包括：
a）可基于可信根对计算设备的系统引导程序、系统程序、重要配置参数和应用等进行可信验证，并在检测到其可信性受到破坏后进行报警；b）可基于可信根对边界设备的系统引导程序、系统程序、重要配置参数和边界防护策略等进行可信验证，并在检测到其可信性受到破坏后进行报警；c）可基于可信根对通信设备的系统引导程序、系统程序、重要配置参数和通信应用程序等进行可信验证，并在检测到其可信性受到破坏后进行报警。",信息安全技术网络安全等级保护基本要求,GB/T 22239-2019,可信验证,信息安全技术网络安全等级保护基本要求,8 第三级安全要求,8.1 安全通用要求,8.1.4 安全计算环境,8.1.4.6 可信验证,第三级
158,"8.1.4.7 数据完整性
本项要求包括：
a）应采用校验技术或密码技术保证重要数据在传输过程中的完整性，包括但不限于鉴别数据、重要业务数据、重要审计数据、重要配置数据、重要个人信息和视频数据等；b）应采用校验技术或密码技术保证重要数据在存储过程中的完整性，包括但不限于鉴别数据、重要业务数据、重要审计数据、重要配置数据、重要个人信息和视频数据等；c）应对重要数据采用加密或其他保护措施实现存储保密性；d）应对鉴别数据采用加密或其他保护措施实现存储保密性。",信息安全技术网络安全等级保护基本要求,GB/T 22239-2019,数据完整性,信息安全技术网络安全等级保护基本要求,8 第三级安全要求,8.1 安全通用要求,8.1.4 安全计算环境,8.1.4.7 数据完整性,第三级
159,"8.1.4.8 数据备份恢复
本项要求包括：
a）应提供重要数据的本地数据备份与恢复功能；b）应提供异地数据备份功能，利用通信网络将重要数据定时批量传送至备用场地；c）应提供重要数据处理系统的热冗余，保证系统的高可用性；d）应建立异地灾难备份中心，提供业务应用的实时切换；e）应建立数据备份验证机制，定期对备份数据进行恢复测试。",信息安全技术网络安全等级保护基本要求,GB/T 22239-2019,数据备份与恢复,信息安全技术网络安全等级保护基本要求,8 第三级安全要求,8.1 安全通用要求,8.1.4 安全计算环境,8.1.4.8 数据备份恢复,第三级
160,"8.1.4.9 剩余信息保护
本项要求包括：
a）应保证鉴别信息所在的存储空间被释放或重新分配前得到完全清除，无论这些信息是存放在硬盘上还是在内存中；b）应保证存有敏感数据的存储空间被释放或重新分配前得到完全清除，无论这些信息是存放在硬盘上还是在内存中；c）应保证存有敏感数据的存储空间被释放或重新分配前得到完全清除，无论这些信息是存放在硬盘上还是在内存中。",信息安全技术网络安全等级保护基本要求,GB/T 22239-2019,剩余信息保护,信息安全技术网络安全等级保护基本要求,8 第三级安全要求,8.1 安全通用要求,8.1.4 安全计算环境,8.1.4.9 剩余信息保护,第三级
161,"8.1.4.10 个人信息保护
本项要求包括：
a）应仅采集和保存业务必需的用户个人信息；b）应禁止未授权访问和非法使用用户个人信息；c）应采取技术措施对用户个人信息进行保护，防止未经授权的访问、使用、修改、泄露、损毁个人信息；d）应建立用户个人信息保护管理制度，明确个人信息保护的责任、措施和流程。",信息安全技术网络安全等级保护基本要求,GB/T 22239-2019,资产管理,信息安全技术网络安全等级保护基本要求,8 第三级安全要求,8.1 安全通用要求,8.1.4 安全计算环境,8.1.4.10 个人信息保护,第三级
162,"8.1.5.1 系统管理
本项要求包括：
a）应对安全管理员进行身份鉴别，只允许其通过特定的命令或操作界面进行安全管理操作，并对这些操作进行审计；b）应通过安全管理员对系统中的安全策略进行配置，包括安全参数的设置，主体、客体进行统一安全标记，对主体进行授权，配置可信验证策略等；c）应实现系统资源的统一分配和调度，确保系统资源的合理分配和使用；d）应建立安全管理制度，明确系统管理的职责、流程和要求。",信息安全技术网络安全等级保护基本要求,GB/T 22239-2019,安全运维管理,信息安全技术网络安全等级保护基本要求,8 第三级安全要求,8.1 安全通用要求,8.1.5 安全管理中心,8.1.5.1 系统管理,第三级
163,"8.1.5.2 审计管理
本项要求包括：
a）应对安全管理员进行身份鉴别，只允许其通过特定的命令或操作界面进行安全管理操作，并对这些操作进行审计；b）应通过安全管理员对系统中的安全策略进行配置，包括安全参数的设置，主体、客体进行统一安全标记，对主体进行授权，配置可信验证策略等；c）应实现审计数据的统一管理和分析，确保审计数据的完整性和可用性；d）应建立审计管理制度，明确审计管理的职责、流程和要求。",信息安全技术网络安全等级保护基本要求,GB/T 22239-2019,安全审计,信息安全技术网络安全等级保护基本要求,8 第三级安全要求,8.1 安全通用要求,8.1.5 安全管理中心,8.1.5.2 审计管理,第三级
164,"8.1.5.3 安全管理
本项要求包括：
a）应对安全管理员进行身份鉴别，只允许其通过特定的命令或操作界面进行安全管理操作，并对这些操作进行审计；b）应通过安全管理员对系统中的安全策略进行配置，包括安全参数的设置，主体、客体进行统一安全标记，对主体进行授权，配置可信验证策略等；c）应建立安全管理制度，明确安全管理的职责、流程和要求；d）应实现安全策略的统一配置和管理，确保系统安全策略的一致性。",信息安全技术网络安全等级保护基本要求,GB/T 22239-2019,安全管理制度,信息安全技术网络安全等级保护基本要求,8 第三级安全要求,8.1 安全通用要求,8.1.5 安全管理中心,8.1.5.3 安全管理,第三级
165,"8.1.5.4 集中管控
本项要求包括：
a）应划分出特定的管理区域，对分布在网络中的安全设备或安全组件进行管控；b）应能够建立一条安全的信息传输路径，对网络中的安全设备或安全组件进行管理；c）应对网络链路、安全设备、网络设备和服务器等的运行状况进行集中监测；d）应对分散在各个设备上的审计数据进行收集汇总和集中分析，并保证审计记录的留存时间符合法律法规要求；e）应对安全策略、恶意代码、补丁升级等安全相关事项进行集中管理；f）应能对网络中发生的各类安全事件进行识别、报警和分析。",信息安全技术网络安全等级保护基本要求,GB/T 22239-2019,安全运维管理,信息安全技术网络安全等级保护基本要求,8 第三级安全要求,8.1 安全通用要求,8.1.5 安全管理中心,8.1.5.4 集中管控,第三级
166,"8.1.6.1 安全策略
应制定网络安全工作的总体方针和安全策略，阐明机构安全工作的总体目标、范围、原则和安全框架等。",信息安全技术网络安全等级保护基本要求,GB/T 22239-2019,安全管理制度,信息安全技术网络安全等级保护基本要求,8 第三级安全要求,8.1 安全通用要求,8.1.6 安全管理制度,8.1.6.1 安全策略,第三级
167,"8.1.6.2 管理制度
本项要求包括：
a）应对安全管理活动中的各类管理内容建立安全管理制度；b）应对管理人员或操作人员执行的日常管理操作建立操作规程；c）应形成由安全策略、管理制度、操作规程、记录表单等构成的全面的安全管理制度体系；d）应定期对安全管理制度的合理性和适用性进行论证和审定，对存在不足或需要改进的安全管理制度进行修订。",信息安全技术网络安全等级保护基本要求,GB/T 22239-2019,安全管理制度,信息安全技术网络安全等级保护基本要求,8 第三级安全要求,8.1 安全通用要求,8.1.6 安全管理制度,8.1.6.2 管理制度,第三级
168,"8.1.6.3 制定和发布
本项要求包括：
a）应指定或授权专门的部门或人员负责安全管理制度的制定；b）安全管理制度应通过正式、有效的方式发布，并进行版本控制；c）应确保相关人员能够及时获取到最新的安全管理制度；d）应建立安全管理制度的评审机制，确保制度的合理性和有效性。",信息安全技术网络安全等级保护基本要求,GB/T 22239-2019,安全管理制度,信息安全技术网络安全等级保护基本要求,8 第三级安全要求,8.1 安全通用要求,8.1.6 安全管理制度,8.1.6.3 制定和发布,第三级
169,"8.1.6.4 评审和修订
应定期对安全管理制度的合理性和适用性进行论证和审定，对存在不足或需要改进的安全管理制度进行修订；应建立安全管理制度的定期评审机制，确保制度能够适应组织环境和业务需求的变化；应记录评审和修订的过程及结果。",信息安全技术网络安全等级保护基本要求,GB/T 22239-2019,安全管理制度,信息安全技术网络安全等级保护基本要求,8 第三级安全要求,8.1 安全通用要求,8.1.6 安全管理制度,8.1.6.4 评审和修订,第三级
170,"8.1.7.1 岗位设置
本项要求包括：
a）应成立指导和管理网络安全工作的委员会或领导小组，其最高领导由单位主管领导担任或授权；b）应设立网络安全管理工作的职能部门，设立安全主管、安全管理各个方面的负责人岗位，并定义各负责人的职责；c）应设立系统管理员、审计管理员和安全管理员等岗位，并定义部门及各个工作岗位的职责；d）应建立岗位职责说明书，明确各岗位的工作职责和任职要求。",信息安全技术网络安全等级保护基本要求,GB/T 22239-2019,人员安全管理,信息安全技术网络安全等级保护基本要求,8 第三级安全要求,8.1 安全通用要求,8.1.7 安全管理机构,8.1.7.1 岗位设置,第三级
171,"8.1.7.2 人员配备
本项要求包括：
a）应配备一定数量的系统管理员、审计管理员和安全管理员等；b）应配备专职安全管理员，不可兼任；c）应建立人员配备计划，确保关键岗位人员的充足配备；d）应建立人员备份机制，确保关键岗位人员的可用性。",信息安全技术网络安全等级保护基本要求,GB/T 22239-2019,人员安全管理,信息安全技术网络安全等级保护基本要求,8 第三级安全要求,8.1 安全通用要求,8.1.7 安全管理机构,8.1.7.2 人员配备,第三级
172,"8.1.7.3 授权和审批
本项要求包括：
a）应根据各个部门和岗位的职责明确授权审批事项、审批部门和批准人等；b）应针对系统变更、重要操作、物理访问和系统接入等事项建立审批程序，按照审批程序执行审批过程，对重要活动建立逐级审批制度；c）应定期审查审批事项，及时更新需授权和审批的项目、审批部门和审批人等信息；d）应建立授权审批记录，记录授权审批的过程和结果。",信息安全技术网络安全等级保护基本要求,GB/T 22239-2019,访问控制,信息安全技术网络安全等级保护基本要求,8 第三级安全要求,8.1 安全通用要求,8.1.7 安全管理机构,8.1.7.3 授权和审批,第三级
173,"8.1.7.4 沟通和合作
本项要求包括：
a）应加强各类管理人员、组织内部机构和网络安全管理部门之间的合作与沟通，定期召开协调会议，共同协作处理网络安全问题；b）应加强与网络安全职能部门、各类供应商、业界专家及安全组织的合作与沟通；c）应建立外联单位联系列表，包括外联单位名称、合作内容、联系人和联系方式等信息；d）应建立沟通协调机制，确保信息传递的及时性和有效性。",信息安全技术网络安全等级保护基本要求,GB/T 22239-2019,安全运维管理,信息安全技术网络安全等级保护基本要求,8 第三级安全要求,8.1 安全通用要求,8.1.7 安全管理机构,8.1.7.4 沟通和合作,第三级
174,"8.1.7.5 审核和检查
本项要求包括：
a）应定期进行常规安全检查，检查内容包括系统日常运行、系统漏洞和数据备份等情况；b）应定期进行全面安全检查，检查内容包括现有安全技术措施的有效性、安全配置与安全策略的一致性、安全管理制度的执行情况等；c）应制定安全检查表格实施安全检查，汇总安全检查数据，形成安全检查报告，并对安全检查结果进行通报；d）应建立安全检查记录，记录检查的过程和结果。",信息安全技术网络安全等级保护基本要求,GB/T 22239-2019,安全审计,信息安全技术网络安全等级保护基本要求,8 第三级安全要求,8.1 安全通用要求,8.1.7 安全管理机构,8.1.7.5 审核和检查,第三级
175,"8.1.8.1 人员录用
本项要求包括：
a）应指定或授权专门的部门或人员负责人员录用；b）应对被录用人员的身份、安全背景、专业资格或资质等进行审查，对其所具有的技术技能进行考核；c）应与被录用人员签署保密协议，与关键岗位人员签署岗位责任协议；d）应建立人员录用记录，记录录用的过程和结果。",信息安全技术网络安全等级保护基本要求,GB/T 22239-2019,人员安全管理,信息安全技术网络安全等级保护基本要求,8 第三级安全要求,8.1 安全通用要求,8.1.8 安全管理人员,8.1.8.1 人员录用,第三级
176,"8.1.8.2 人员离岗
本项要求包括：
a）应及时终止离岗人员的所有访问权限，取回各种身份证件、钥匙、徽章等以及机构提供的软硬件设备；b）应办理严格的调离手续，并承诺调离后的保密义务后方可离开；c）应建立人员离岗记录，记录离岗的过程和结果；d）应定期审查离岗人员的权限清理情况。",信息安全技术网络安全等级保护基本要求,GB/T 22239-2019,人员安全管理,信息安全技术网络安全等级保护基本要求,8 第三级安全要求,8.1 安全通用要求,8.1.8 安全管理人员,8.1.8.2 人员离岗,第三级
177,"8.1.8.3 安全意识教育和培训
本项要求包括：
a）应对各类人员进行安全意识教育和岗位技能培训，并告知相关的安全责任和惩戒措施；b）应针对不同岗位制定不同的培训计划，对安全基础知识、岗位操作规程等进行培训；c）应定期对不同岗位的人员进行技能考核；d）应建立培训记录，记录培训的内容和结果。",信息安全技术网络安全等级保护基本要求,GB/T 22239-2019,安全意识与培训,信息安全技术网络安全等级保护基本要求,8 第三级安全要求,8.1 安全通用要求,8.1.8 安全管理人员,8.1.8.3 安全意识教育和培训,第三级
178,"8.1.8.4 外部人员访问管理
本项要求包括：
a）应在外部人员物理访问受控区域前先提出书面申请，批准后由专人全程陪同，并登记备案；b）应在外部人员接入受控网络访问系统前先提出书面申请，批准后由专人开设账户、分配权限，并登记备案；c）外部人员离场后应及时清除其所有的访问权限；d）获得系统访问授权的外部人员应签署保密协议，不得进行非授权操作，不得复制和泄露任何敏感信息。",信息安全技术网络安全等级保护基本要求,GB/T 22239-2019,访问控制,信息安全技术网络安全等级保护基本要求,8 第三级安全要求,8.1 安全通用要求,8.1.8 安全管理人员,8.1.8.4 外部人员访问管理,第三级
179,"8.1.9.1 定级和备案
本项要求包括：
a）应以书面的形式说明保护对象的安全保护等级及确定等级的方法和理由；b）应组织相关部门和有关安全技术专家对定级结果的合理性和正确性进行论证和审定；c）应保证定级结果经过相关部门的批准；d）应将备案材料报主管部门和相应公安机关备案；e）应建立定级备案记录，记录定级和备案的过程和结果。",信息安全技术网络安全等级保护基本要求,GB/T 22239-2019,等级保护实施,信息安全技术网络安全等级保护基本要求,8 第三级安全要求,8.1 安全通用要求,8.1.9 安全建设管理,8.1.9.1 定级和备案,第三级
180,"8.1.9.2 安全方案设计
本项要求包括：
a）应根据安全保护等级选择基本安全措施，依据风险分析的结果补充和调整安全措施；b）应根据保护对象的安全保护等级及与其他级别保护对象的关系进行安全整体规划和安全方案设计，设计内容应包含密码技术相关内容，并形成配套文件；c）应组织相关部门和有关安全专家对安全整体规划及其配套文件的合理性和正确性进行论证和审定，经过批准后才能正式实施；d）应建立安全方案设计记录，记录设计的过程和结果。",信息安全技术网络安全等级保护基本要求,GB/T 22239-2019,安全管理制度,信息安全技术网络安全等级保护基本要求,8 第三级安全要求,8.1 安全通用要求,8.1.9 安全建设管理,8.1.9.2 安全方案设计,第三级
181,"8.1.9.3 产品采购和使用
本项要求包括：
a）应确保网络安全产品采购和使用符合国家的有关规定；b）应确保密码产品与服务的采购和使用符合国家密码管理主管部门的要求；c）应预先对产品进行选型测试，确定产品的候选范围，并定期审定和更新候选产品名单；d）应建立产品采购和使用记录，记录采购和使用的过程和结果。",信息安全技术网络安全等级保护基本要求,GB/T 22239-2019,外包与供应商管理,信息安全技术网络安全等级保护基本要求,8 第三级安全要求,8.1 安全通用要求,8.1.9 安全建设管理,8.1.9.3 产品采购和使用,第三级
182,"8.1.9.4 自行软件开发
本项要求包括：
a）应将开发环境与实际运行环境物理分开，测试数据和测试结果受到控制；b）应制定软件开发管理制度，明确说明开发过程的控制方法和人员行为准则；c）应制定代码编写安全规范，要求开发人员参照规范编写代码；d）应具备软件设计的相关文档和使用指南，并对文档使用进行控制；e）应保证在软件开发过程中对安全性进行测试，在软件安装前对可能存在的恶意代码进行检测；f）应对程序资源库的修改、更新、发布进行授权和批准，并严格进行版本控制；g）应保证开发人员为专职人员，开发人员的开发活动受到控制、监视和审查。",信息安全技术网络安全等级保护基本要求,GB/T 22239-2019,外包与供应商管理,信息安全技术网络安全等级保护基本要求,8 第三级安全要求,8.1 安全通用要求,8.1.9 安全建设管理,8.1.9.4 自行软件开发,第三级
183,"8.1.9.5 外包软件开发
本项要求包括：
a）应在软件交付前检测其中可能存在的恶意代码；b）应保证开发单位提供软件设计文档和使用指南；c）应保证开发单位提供软件源代码，并审查软件中可能存在的后门和隐蔽信道；d）应建立外包软件开发记录，记录外包开发的过程和结果；e）应建立外包软件开发验收机制，确保交付软件的质量和安全性。",信息安全技术网络安全等级保护基本要求,GB/T 22239-2019,外包与供应商管理,信息安全技术网络安全等级保护基本要求,8 第三级安全要求,8.1 安全通用要求,8.1.9 安全建设管理,8.1.9.5 外包软件开发,第三级
184,"8.1.9.6 工程实施
本项要求包括：
a）应指定或授权专门的部门或人员负责工程实施过程的管理；b）应制定安全工程实施方案控制工程实施过程；c）应通过第三方工程监理控制项目的实施过程；d）应建立工程实施记录，记录实施的过程和结果；e）应建立工程实施验收机制，确保实施质量符合要求。",信息安全技术网络安全等级保护基本要求,GB/T 22239-2019,工程与交付管理,信息安全技术网络安全等级保护基本要求,8 第三级安全要求,8.1 安全通用要求,8.1.9 安全建设管理,8.1.9.6 工程实施,第三级
185,"8.1.9.7 测试验收
本项要求包括：
a）应制订测试验收方案，并依据测试验收方案实施测试验收，形成测试验收报告；b）应进行上线前的安全性测试，并出具安全测试报告，安全测试报告应包含密码应用安全性测试相关内容；c）应建立测试验收记录，记录测试验收的过程和结果；d）应建立测试验收问题处理机制，确保发现的问题得到及时解决。",信息安全技术网络安全等级保护基本要求,GB/T 22239-2019,工程与交付管理,信息安全技术网络安全等级保护基本要求,8 第三级安全要求,8.1 安全通用要求,8.1.9 安全建设管理,8.1.9.7 测试验收,第三级
186,"8.1.9.8 系统交付
本项要求包括：
a）应制定交付清单，并根据交付清单对所交接的设备、软件和文档等进行清点；b）应对负责运行维护的技术人员进行相应的技能培训；c）应提供建设过程文档和运行维护文档；d）应建立系统交付记录，记录交付的过程和结果；e）应建立系统交付验收机制，确保交付内容符合要求。",信息安全技术网络安全等级保护基本要求,GB/T 22239-2019,工程与交付管理,信息安全技术网络安全等级保护基本要求,8 第三级安全要求,8.1 安全通用要求,8.1.9 安全建设管理,8.1.9.8 系统交付,第三级
187,"8.1.9.9 等级测评
本项要求包括：
a）应定期进行等级测评，发现不符合相应等级保护标准要求的及时整改；b）应在发生重大变更或级别发生变化时进行等级测评；c）应确保测评机构的选择符合国家有关规定；d）应建立等级测评记录，记录测评的过程和结果；e）应建立等级测评问题整改机制，确保发现的问题得到及时整改。",信息安全技术网络安全等级保护基本要求,GB/T 22239-2019,等级保护实施,信息安全技术网络安全等级保护基本要求,8 第三级安全要求,8.1 安全通用要求,8.1.9 安全建设管理,8.1.9.9 等级测评,第三级
188,"8.1.9.10 服务供应商选择
本项要求包括：
a）应确保服务供应商的选择符合国家的有关规定；b）应与选定的服务供应商签订相关协议，明确整个服务供应链各方需履行的网络安全相关义务；c）应定期监督、评审和审核服务供应商提供的服务，并对其变更服务内容加以控制；d）应建立服务供应商选择记录，记录选择的过程和结果；e）应建立服务供应商监督管理机制，确保服务质量符合要求。",信息安全技术网络安全等级保护基本要求,GB/T 22239-2019,外包与供应商管理,信息安全技术网络安全等级保护基本要求,8 第三级安全要求,8.1 安全通用要求,8.1.9 安全建设管理,8.1.9.10 服务供应商选择,第三级
189,"8.1.10.1 环境管理
本项要求包括：
a）应指定专门的部门或人员负责机房安全，对机房出入进行管理，定期对机房供配电、空调、温湿度控制、消防等设施进行维护管理；b）应建立机房安全管理制度，对有关物理访问、物品带进出和环境安全等方面的管理作出规定；c）应不在重要区域接待来访人员，不随意放置含有敏感信息的纸档文件和移动介质等；d）应建立环境管理记录，记录管理的过程和结果。",信息安全技术网络安全等级保护基本要求,GB/T 22239-2019,安全运维管理,信息安全技术网络安全等级保护基本要求,8 第三级安全要求,8.1 安全通用要求,8.1.10 安全运维管理,8.1.10.1 环境管理,第三级
190,"8.1.10.2 资产管理
本项要求包括：
a）应编制并保存与保护对象相关的资产清单，包括资产责任部门、重要程度和所处位置等内容；b）应根据资产的重要程度对资产进行标识管理，根据资产的价值选择相应的管理措施；c）应对信息分类与标识方法作出规定，并对信息的使用、传输和存储等进行规范化管理；d）应建立资产管理记录，记录管理的过程和结果。",信息安全技术网络安全等级保护基本要求,GB/T 22239-2019,资产管理,信息安全技术网络安全等级保护基本要求,8 第三级安全要求,8.1 安全通用要求,8.1.10 安全运维管理,8.1.10.2 资产管理,第三级
191,"8.1.10.3 介质管理
本项要求包括：
a）应将介质存放在安全的环境中，对各类介质进行控制和保护，实行存储环境专人管理，并根据存档介质的目录清单定期盘点；b）应对介质在物理传输过程中的人员选择、打包、交付等情况进行控制，并对介质的归档和查询等进行登记记录；c）应建立介质管理记录，记录管理的过程和结果；d）应建立介质处置机制，确保介质的安全处置。",信息安全技术网络安全等级保护基本要求,GB/T 22239-2019,剩余信息保护,信息安全技术网络安全等级保护基本要求,8 第三级安全要求,8.1 安全通用要求,8.1.10 安全运维管理,8.1.10.3 介质管理,第三级
192,"8.1.10.4 设备维护管理
本项要求包括：
a）应对各种设备（包括备份和冗余设备）、线路等指定专门的部门或人员定期进行维护管理；b）应建立配套设施、软硬件维护方面的管理制度，对其维护进行有效的管理，包括明确维护人员的责任、维修和服务的审批、维修过程的监督控制等；c）信息处理设备应经过审批才能带离机房或办公地点，含有存储介质的设备带出工作环境时其中重要数据应加密；d）含有存储介质的设备在报废或重用前，应进行完全清除或被安全覆盖，保证该设备上的敏感数据和授权软件无法被恢复重用；e）应建立设备维护管理记录，记录维护的过程和结果。",信息安全技术网络安全等级保护基本要求,GB/T 22239-2019,安全运维管理,信息安全技术网络安全等级保护基本要求,8 第三级安全要求,8.1 安全通用要求,8.1.10 安全运维管理,8.1.10.4 设备维护管理,第三级
193,"8.1.10.5 漏洞和风险管理
本项要求包括：
a）应采取必要的措施识别安全漏洞和隐患，对发现的安全漏洞和隐患及时进行修补或评估可能的影响后进行修补；b）应定期开展安全测评，形成安全测评报告，采取措施应对发现的安全问题；c）应建立漏洞和风险管理记录，记录管理的过程和结果；d）应建立漏洞和风险处置机制，确保发现的问题得到及时处理。",信息安全技术网络安全等级保护基本要求,GB/T 22239-2019,漏洞与风险管理,信息安全技术网络安全等级保护基本要求,8 第三级安全要求,8.1 安全通用要求,8.1.10 安全运维管理,8.1.10.5 漏洞和风险管理,第三级
194,"8.1.10.6 网络和系统安全管理
本项要求包括：
a）应划分不同的管理员角色进行网络和系统的运维管理，明确各个角色的责任和权限；b）应指定专门的部门或人员进行账户管理，对申请账户、建立账户、删除账户等进行控制；c）应建立网络和系统安全管理制度，对安全策略、账户管理、配置管理、日志管理、日常操作、升级与打补丁、口令更新周期等方面作出规定；d）应制定重要设备的配置和操作手册，依据手册对设备进行安全配置和优化配置等；e）应详细记录运维操作日志，包括日常巡检工作、运行维护记录、参数的设置和修改等内容；f）应指定专门的部门或人员对日志、监测和报警数据等进行分析、统计，及时发现可疑行为；g）应严格控制变更性运维，经过审批后才可改变连接、安装系统组件或调整配置参数，操作过程中应保留不可更改的审计日志，操作结束后应同步更新配置信息库；h）应严格控制运维工具的使用，经过审批后才可接入进行操作，操作过程中应保留不可更改的审计日志，操作结束后应删除工具中的敏感数据；i）应严格控制远程运维的开通，经过审批后才可开通远程运维接口或通道，操作过程中应保留不可更改的审计日志，操作结束后立即关闭接口或通道；j）应保证所有与外部的连接均得到授权和批准，应定期检查违反规定无线上网及其他违反网络安全策略的行为；k）应建立网络和系统安全管理记录，记录管理的过程和结果。",信息安全技术网络安全等级保护基本要求,GB/T 22239-2019,网络架构,信息安全技术网络安全等级保护基本要求,8 第三级安全要求,8.1 安全通用要求,8.1.10 安全运维管理,8.1.10.6 网络和系统安全管理,第三级
195,"8.1.10.7 恶意代码防范管理
本项要求包括：
a）应提高所有用户的防恶意代码意识，对外来计算机或存储设备接入系统前进行恶意代码检查等；b）应定期验证防范恶意代码攻击的技术措施的有效性；c）应建立恶意代码防范管理记录，记录管理的过程和结果；d）应建立恶意代码处置机制，确保发现的恶意代码得到及时处理。",信息安全技术网络安全等级保护基本要求,GB/T 22239-2019,恶意代码防范,信息安全技术网络安全等级保护基本要求,8 第三级安全要求,8.1 安全通用要求,8.1.10 安全运维管理,8.1.10.7 恶意代码防范管理,第三级
196,"8.1.10.8 配置管理
本项要求包括：
a）应记录和保存基本配置信息，包括网络拓扑结构、各个设备安装的软件组件、软件组件的版本和补丁信息、各个设备或软件组件的配置参数等；b）应将基本配置信息改变纳入变更范畴，实施对配置信息改变的控制，并及时更新基本配置信息库；c）应建立配置管理记录，记录管理的过程和结果；d）应建立配置变更审批机制，确保配置变更的合理性和安全性。",信息安全技术网络安全等级保护基本要求,GB/T 22239-2019,安全运维管理,信息安全技术网络安全等级保护基本要求,8 第三级安全要求,8.1 安全通用要求,8.1.10 安全运维管理,8.1.10.8 配置管理,第三级
197,"8.1.10.9 密码管理
本项要求包括：
a）应遵循密码相关国家标准和行业标准；b）应使用国家密码管理主管部门认证核准的密码技术和产品；c）应建立密码管理记录，记录管理的过程和结果；d）应建立密码使用审批机制，确保密码使用的合规性。",信息安全技术网络安全等级保护基本要求,GB/T 22239-2019,数据保密性,信息安全技术网络安全等级保护基本要求,8 第三级安全要求,8.1 安全通用要求,8.1.10 安全运维管理,8.1.10.9 密码管理,第三级
198,"8.1.10.10 变更管理
本项要求包括：
a）应明确变更需求，变更前根据变更需求制定变更方案，变更方案经过评审、审批后方可实施；b）应建立变更的申报和审批控制程序，依据程序控制所有的变更，记录变更实施过程；c）应建立中止变更并从失败变更中恢复的程序，明确过程控制方法和人员职责，必要时对恢复过程进行演练；d）应建立变更管理记录，记录管理的过程和结果；e）应建立变更影响评估机制，确保变更的合理性和安全性。",信息安全技术网络安全等级保护基本要求,GB/T 22239-2019,安全运维管理,信息安全技术网络安全等级保护基本要求,8 第三级安全要求,8.1 安全通用要求,8.1.10 安全运维管理,8.1.10.10 变更管理,第三级
199,"8.1.10.11 备份与恢复管理
本项要求包括：
a）应识别需要定期备份的重要业务信息、系统数据及软件系统等；b）应规定备份信息的备份方式、备份频度、存储介质、保存期等；c）应根据数据的重要性和数据对系统运行的影响，制定数据的备份策略和恢复策略、备份程序和恢复程序等；d）应定期对备份数据进行恢复测试，确保备份数据的可用性；e）应建立备份与恢复管理记录，记录管理的过程和结果；f）应建立备份数据存储安全机制，确保备份数据的安全性。",信息安全技术网络安全等级保护基本要求,GB/T 22239-2019,数据备份与恢复,信息安全技术网络安全等级保护基本要求,8 第三级安全要求,8.1 安全通用要求,8.1.10 安全运维管理,8.1.10.11 备份与恢复管理,第三级
200,"8.1.10.12 安全事件处置
本项要求包括：
a）应及时向安全管理部门报告所发现的安全弱点和可疑事件；b）应制定安全事件报告和处置管理制度，明确不同安全事件的报告、处置和响应流程，规定安全事件的现场处理、事件报告和后期恢复的管理职责等；c）应在安全事件报告和响应处理过程中，分析和鉴定事件产生的原因，收集证据，记录处理过程，总结经验教训；d）对造成系统中断和造成信息泄漏的重大安全事件应采用不同的处理程序和报告程序；e）应建立安全事件处置记录，记录处置的过程和结果；f）应建立安全事件分类分级机制，确保事件的正确处理。",信息安全技术网络安全等级保护基本要求,GB/T 22239-2019,安全事件管理,信息安全技术网络安全等级保护基本要求,8 第三级安全要求,8.1 安全通用要求,8.1.10 安全运维管理,8.1.10.12 安全事件处置,第三级
201,"8.1.10.13 应急预案管理
本项要求包括：
a）应规定统一的应急预案框架，包括启动预案的条件、应急组织构成、应急资源保障、事后教育和培训等内容；b）应制定重要事件的应急预案，包括应急处理流程、系统恢复流程等内容；c）应定期对系统相关的人员进行应急预案培训，并进行应急预案的演练；d）应定期对原有的应急预案重新评估，修订完善；e）应建立应急预案管理记录，记录管理的过程和结果；f）应建立应急预案评估机制，确保预案的有效性和适用性。",信息安全技术网络安全等级保护基本要求,GB/T 22239-2019,安全事件管理,信息安全技术网络安全等级保护基本要求,8 第三级安全要求,8.1 安全通用要求,8.1.10 安全运维管理,8.1.10.13 应急预案管理,第三级
202,"8.1.10.14 外包运维管理
本项要求包括：
a）应确保外包运维服务商的选择符合国家的有关规定；b）应与选定的外包运维服务商签订相关的协议，明确约定外包运维的范围、工作内容、安全责任和保密要求等；c）应建立外包运维服务商的评估审核机制，定期评估外包运维服务商的服务质量，对违反协议的外包运维服务商，应及时终止合作；d）应严格控制外包运维服务商的访问权限，及时清除过期账户和权限；e）应要求外包运维服务商保留操作痕迹，记录操作日志，并定期审计外包运维服务商的操作行为；f）应建立外包运维管理记录，记录管理的过程和结果。",信息安全技术网络安全等级保护基本要求,GB/T 22239-2019,外包与供应商管理,信息安全技术网络安全等级保护基本要求,8 第三级安全要求,8.1 安全通用要求,8.1.10 安全运维管理,8.1.10.14 外包运维管理,第三级
